Hanzi,Level,WritingLevel,Traditional,Freq,Examples
爱,1,1,愛,20,爱 爱好 爱情 爱人 可爱
八,1,1,八,7,八 八卦 横七竖八 乱七八糟 七嘴八舌
爸,1,1,爸,2,爸爸 爸
吧,1,1,吧,3,吧 酒吧 网吧
白,1,1,白,17,白 白天 明白 白色 白菜
百,1,1,百,8,百 老百姓 百货 百分点 百分比
班,1,2,班,14,班 上班 下班 班长 班级
半,1,1,半,16,半 半年 半天 一半 半夜
帮,1,1,幫,4,帮 帮忙 帮助 帮手
包,1,1,包,19,包 包子 面包 钱包 书包
杯,1,2,杯,5,杯 杯子 干杯 世界杯 奖杯
北,1,1,北,9,北 北边 北京 北方 东北
备,1,1,備,16,准备 设备 具备 配备 预备
本,1,1,本,33,本 本子 课本 笔记本 本来
比,1,1,比,21,比 比如 比如说 比较 比例
边,1,1,邊,33,北边 东边 后边 里边 那边
别,1,1,別/彆,27,别 别的 别人 特别 分别
病,1,1,病,23,病 病人 看病 生病 毛病
不,1,1,不,207,不大 不对 不客气 不用 不
菜,1,1,菜,5,菜 菜单 白菜 蔬菜 菜市场
茶,1,1,茶,7,茶 红茶 绿茶 奶茶 茶叶
差,1,1,差,16,差 差不多 差别 差距 差点儿
常,1,1,常,25,常 常常 非常 常见 常用
场,1,1,場,41,机场 商场 场 广场 球场
唱,1,1,唱,8,唱 唱歌 演唱 演唱会 唱片
车,1,1,車,61,车 车票 车上 车站 打车
吃,1,1,吃,12,吃 吃饭 好吃 吃惊 小吃
出,1,1,出,95,出 出来 出去 出发 出国
穿,1,1,穿,7,穿 穿上 穿过 穿小鞋 穿越
床,1,2,床,5,床 起床 病床 床位 临床
次,1,1,次,19,次 上次 下次 其次 多次
从,1,1,從,23,从 从小 从来 从前 从事
错,1,1,錯,13,错 不错 错误 没错 错过
答,1,1,答,8,回答 答应 答案 报答 答
打,1,1,打,46,打 打车 打电话 打开 打球
大,1,1,大,111,不大 大 大学 大学生 大部分
蛋,1,1,蛋,6,鸡蛋 蛋 蛋糕 笨蛋 蛋白质
到,1,1,到,49,到 得到 回到 看到 来到
道,1,1,道,39,知道 道 道理 道路 味道
得,1,1,得,58,得到 记得 觉得 得 得出
地,1,1,地,67,地 地点 地方 地上 地图
的,1,1,的,15,别的 的 有的 真的 的话
等,1,1,等,12,等 等到 等于 平等 等待
弟,1,2,弟,6,弟弟 弟 兄弟 徒弟 弟子
第,1,1,第,4,第 第二 第一手 第一线
点,1,1,點,42,地点 点 一点儿 点头 观点
电,1,1,電,41,打电话 电 电话 电脑 电视
店,1,1,店,10,饭店 商店 书店 店 酒店
东,1,1,東,12,东 东边 东西 东北 东方
动,1,1,動,75,动 动作 动物 动物园 感动
都,1,1,都,6,都 首都 大都 全都 都市
读,1,2,讀,11,读 读书 读音 读者 阅读
对,1,1,對,37,不对 对 对不起 对话 对面
多,1,1,多,34,多 多少 差不多 大多数 多久
饿,1,1,餓,3,饿 饥饿 忍饥挨饿
儿,1,1,兒,67,儿子 好玩儿 没事儿 面条儿 哪儿
二,1,1,二,9,第二 二 二手 二维码 独一无二
饭,1,1,飯,14,吃饭 饭 饭店 米饭 晚饭
方,1,1,方,41,地方 北方 东方 方便 方便面
房,1,1,房,16,房间 房子 住房 房东 房屋
放,1,1,放,28,放 放假 放学 放下 放心
飞,1,1,飛,11,飞 飞机 起飞 飞行 飞船
非,1,1,非,14,非常 非 除非 并非 非金属
分,1,1,分,58,分 部分 大部分 分开 分数
风,1,2,風,40,风 一路顺风 风险 风格 风景
服,1,1,服,21,衣服 服务 舒服 服装 克服
干,1,1,乾/幹/干,22,干 干净 干什么 干杯 干活儿
高,1,1,高,51,高 高兴 高级 高中 提高
告,1,1,告,21,告诉 广告 报告 告别 转告
哥,1,1,哥,4,哥哥 哥 大哥 帅哥
歌,1,1,歌,20,唱歌 歌 歌迷 歌声 歌手
个,1,1,個,14,个 个子 个人 个性 整个
给,1,1,給,7,给 交给 送给 递给 供给
跟,1,1,跟,7,跟 高跟鞋 跟前 跟随 跟不上
工,1,1,工,39,工人 工作 打工 工厂 工程师
关,1,1,關,32,关 关上 没关系 关机 关心
馆,1,2,館,12,图书馆 饭馆 体育馆 大使馆 旅馆
贵,1,1,貴,11,贵 宝贵 珍贵 昂贵 高贵
国,1,1,國,35,国 国家 国外 外国 中国
果,1,1,果,18,水果 结果 如果 成果 果然
过,1,1,過,51,过 不过 超过 过来 过年
还,1,1,還,9,还 还是 还有 偿还 返还
孩,1,1,孩,4,孩子 男孩儿 女孩儿 小孩儿
汉,1,1,漢,3,汉语 汉字 老汉
好,1,1,好,58,爱好 好 好吃 好看 好听
号,1,1,號,20,号 信号 符号 号码 括号
喝,1,1,喝,3,喝 吃喝玩乐 喝彩
和,1,1,和,19,和 和平 暖和 温和 和谐
很,1,1,很,2,很 很难说
后,1,1,後/后,51,后 后边 后天 最后 后来
候,1,1,候,14,时候 有时候 那时候 小时候 这时候
花,1,1,花,23,花 花园 开花 鲜花 桃花
话,1,1,話,33,打电话 电话 话 说话 的话
坏,1,1,壞,9,坏 坏处 坏人 破坏 好坏
欢,1,1,歡,12,喜欢 欢迎 欢乐 悲欢离合 欢呼
回,1,1,回/迴,33,回 回答 回到 回家 回来
会,1,1,會,56,会 开会 一会儿 不一会儿 机会
火,1,1,火,27,火车 火 着火 火柴 火腿
机,1,1,機,50,电视机 飞机 机场 机票 手机
鸡,1,1,雞,5,鸡蛋 鸡 公鸡 母鸡 鹤立鸡群
几,1,1,幾,4,几 几乎 几率 寥寥无几
记,1,1,記,19,记 记得 记住 忘记 笔记
家,1,1,家/傢,49,国家 回家 家 家里 家人
假,1,1,假,23,放假 请假 假 假期 休假
间,1,1,間,23,房间 间 时间 洗手间 中间
见,1,1,見,40,见 见面 看见 听见 再见
教,1,1,教,26,教 教学楼 教师 教室 教学
叫,1,1,叫,4,叫 叫作 叫板 叫好
觉,1,1,覺,17,觉得 睡觉 感觉 自觉 发觉
姐,1,1,姐,5,姐姐 姐 小姐 大姐 姐妹
介,1,1,介,6,介绍 中介 简介 介入 介意
今,1,1,今,11,今年 今天 今后 至今 如今
进,1,1,進,30,进 进来 进去 请进 进入
京,1,2,京,2,北京 京剧
净,1,1,淨,6,干净 纯净水 净 洁净 净化
九,1,1,九,1,九
就,1,1,就,22,就 就要 早就 成就 就是
开,1,1,開,63,打开 开 开车 开会 开玩笑
看,1,1,看,37,好看 看 看病 看到 看见
考,1,1,考,15,考 考试 考生 考验 参考
渴,1,1,渴,2,渴 渴望
客,1,2,客,21,不客气 顾客 客人 旅客 请客
课,1,1,課,13,课 课本 课文 上课 下课
口,1,1,口,47,口 路口 门口 出口 人口
块,1,1,塊,3,块 一块儿 板块
快,1,1,快,20,快 快餐 快点儿 快乐 快要
来,1,1,來,66,出来 回来 进来 来 来到
老,1,1,老,31,老 老人 老师 老王 老年
了,1,1,了/瞭,23,了 除了 极了 为了 了不起
累,1,1,累,6,累 积累 劳累 累积 累计
冷,1,1,冷,16,冷 寒冷 冷静 冷气 冷水
里,1,1,裡/裏/里,19,家里 里 里边 哪里 那里
两,1,1,兩,8,两 两边 两岸 两侧 两手
零,1,1,零,8,零 零下 零食 孤零零 零花钱
六,1,1,六,2,六 五颜六色
楼,1,1,樓,13,教学楼 楼 楼上 楼下 大楼
路,1,1,路,41,路 路口 路上 马路 走路
妈,1,1,媽,3,妈妈 妈 大妈
马,1,1,馬,12,马路 马上 马 马车 黑马
吗,1,1,嗎,2,吗 干吗
买,1,1,買,5,买 购买 买卖 买不起 收买
慢,1,2,慢,8,慢 慢慢 慢车 傲慢 怠慢
忙,1,1,忙,11,帮忙 忙 连忙 急忙 慌忙
毛,1,2,毛,9,毛 毛病 毛巾 毛衣 毛笔
么,1,1,麼,14,干什么 没什么 什么 怎么 多么
没,1,1,沒,20,没 没关系 没什么 没事儿 没有
妹,1,2,妹,3,妹妹 妹 姐妹
门,1,1,門,24,门 门口 门票 出门 大门
们,1,1,們,9,们 朋友们 你们 他们 她们
米,1,2,米,8,米饭 米 毫米 厘米 玉米
面,1,1,面/麵,62,见面 面包 面条儿 对面 方便面
名,1,1,名,40,名字 有名 报名 名 名称
明,1,1,明,34,明白 明年 明天 明星 说明
拿,1,1,拿,6,拿 拿出 拿到 拿走 拿手
哪,1,1,哪,6,哪 哪里 哪儿 哪些 哪怕
那,1,1,那,11,那 那边 那里 那儿 那些
奶,1,1,奶,7,奶 奶奶 牛奶 奶茶 酸奶
男,1,1,男,9,男 男孩儿 男朋友 男人 男生
南,1,1,南,11,南 南边 东南 南方 西南
难,1,1,難,35,难 难过 难看 难受 难题
脑,1,2,腦,9,电脑 头脑 脑袋 大脑 脑子
呢,1,1,呢,1,呢
能,1,1,能,37,能 可能 能够 只能 才能
你,1,1,你,2,你 你们
年,1,1,年,49,半年 今年 明年 年 去年
您,1,1,您,1,您
牛,1,1,牛,5,牛奶 牛 牛仔裤 奶牛 吹牛
女,1,1,女,21,女 女儿 女孩儿 女朋友 女人
旁,1,1,旁,5,旁边 旁 旁观 袖手旁观 一旁
跑,1,1,跑,10,跑 跑步 逃跑 奔跑 长跑
朋,1,1,朋,8,朋友们 男朋友 女朋友 朋友 小朋友
票,1,1,票,16,车票 机票 门票 票 票价
七,1,1,七,4,七 横七竖八 乱七八糟 七嘴八舌
期,1,1,期,45,日期 星期 星期日 星期天 假期
起,1,1,起,43,对不起 起 起床 起来 一起
气,1,1,氣,65,不客气 生气 天气 空气 气
汽,1,1,汽,4,汽车 公共汽车 汽水 汽油
前,1,1,前,48,前 前边 前天 面前 前年
钱,1,1,錢,16,钱 钱包 价钱 挣钱 金钱
请,1,1,請,14,请 请假 请进 请问 请坐
球,1,1,球,25,打球 球 地球 篮球 排球
去,1,1,去,22,出去 回去 进去 去 去年
热,1,1,熱,26,热 热情 热爱 热烈 热闹
人,1,1,人,142,别人 病人 工人 家人 老人
认,1,1,認,17,认识 认真 认为 否认 认出
日,1,1,日,40,日 日期 生日 星期日 节日
肉,1,1,肉,3,肉 肌肉 烤肉
三,1,1,三,9,三 再三 三明治 接二连三 举一反三
山,1,1,山,21,山 爬山 登山 山区 山峰
商,1,2,商,20,商场 商店 商量 商人 商品
上,1,1,上,87,车上 地上 关上 楼上 路上
少,1,1,少,20,多少 少 不少 青少年 少数
绍,1,1,紹,1,介绍
身,1,1,身,36,身上 身体 全身 身边 身份证
什,1,1,什,5,干什么 没什么 什么 什么样 为什么
生,1,1,生,68,大学生 男生 女生 生病 生气
师,1,1,師,16,老师 教师 工程师 律师 摄影师
十,1,1,十,4,十 十分 十足 十字路口
时,1,1,時,58,时候 时间 小时 有时候 有时
识,1,1,識,15,认识 知识 常识 意识 识
事,1,1,事,57,没事儿 事 故事 好事 事情
试,1,1,試,18,考试 试 试题 试验 测试
视,1,1,視,26,电视 电视机 重视 电视剧 电视台
是,1,1,是,34,还是 是 是不是 但是 可是
手,1,1,手,71,手 手机 洗手间 举手 手表
书,1,1,書,25,读书 书 书包 书店 图书馆
树,1,1,樹,16,树 树林 树叶 松树 桃树
谁,1,1,誰,2,谁 谁知道
水,1,1,水,59,水 水果 水平 药水 凉水
睡,1,1,睡,7,睡 睡觉 午睡 睡着 睡眠
说,1,1,說,52,说 说话 比如说 说明 听说
四,1,1,四,7,四 四周 四处 四合院 四季
送,1,1,送,12,送 送到 送给 发送 赠送
诉,1,1,訴,8,告诉 投诉 起诉 倾诉 上诉
岁,1,1,歲,3,岁 岁月 岁数
他,1,1,他,5,他 他们 其他 吉他 他人
她,1,1,她,2,她 她们
太,1,1,太,11,太 不太 太太 太阳 老太太
体,1,1,體,50,身体 全体 体育 体育场 体育馆
天,1,1,天,54,白天 半天 后天 今天 明天
条,1,2,條,16,面条儿 条 条件 便条 薯条
听,1,1,聽,19,好听 听 听到 听见 听写
同,1,1,同,43,同学 不同 同时 同事 同样
图,1,2,圖,17,地图 图书馆 图片 图 图画
外,1,1,外,59,国外 外 外边 外国 外语
玩,1,1,玩,10,好玩儿 开玩笑 玩儿 玩具 游玩
晚,1,1,晚,17,晚 晚饭 晚上 晚安 晚报
网,1,1,網,15,上网 网上 网友 网 网球
忘,1,1,忘,8,忘 忘记 难忘 废寝忘食 念念不忘
文,1,1,文,28,课文 中文 英文 作文 外文
问,1,1,問,19,请问 问 问路 问题 访问
我,1,1,我,3,我 我们 自我
五,1,1,五,5,五 五颜六色 三番五次 五花八门 五星级
午,1,1,午,7,上午 午饭 下午 中午 午餐
西,1,1,西,15,东西 西 西边 西北 西餐
息,1,1,息,13,休息 信息 消息 利息 出息
习,1,1,習,10,学习 复习 练习 实习 习惯
洗,1,1,洗,9,洗 洗手间 洗衣机 洗澡 清洗
喜,1,1,喜,16,喜欢 喜爱 喜剧 惊喜 恭喜
系,1,1,係/繫/系,8,没关系 关系 联系 系 系列
下,1,1,下,70,楼下 下 下班 下边 下车
先,1,1,先,17,先 先生 领先 首先 先进
现,1,1,現,25,现在 出现 发现 实现 表现
想,1,1,想,30,想 理想 想到 想法 想起
小,1,1,小,47,小 小孩儿 小姐 小朋友 小时
校,1,2,校,4,学校 校园 校长 夜校
笑,1,1,笑,22,开玩笑 笑 笑话 笑话儿 微笑
些,1,1,些,7,哪些 那些 一些 有些 有一些
写,1,1,寫,12,听写 写 写作 抄写 描写
谢,1,1,謝,3,谢谢 感谢 新陈代谢
新,1,1,新,30,新 新年 重新 新闻 创新
星,1,1,星,13,星期 星期日 星期天 明星 星星
行,1,1,行,57,行 不行 进行 举行 流行
兴,1,1,興,14,高兴 感兴趣 兴奋 兴趣 新兴
休,1,1,休,10,休息 休假 退休 休闲 罢休
学,1,1,學,58,大学 大学生 放学 教学楼 上学
样,1,1,樣,23,一样 那样 什么样 同样 样子
要,1,1,要,30,要 重要 不要 就要 快要
爷,1,2,爺,3,爷爷 大爷 姥爷
也,1,1,也,5,也 也许 也好 再也 也就是说
页,1,2,頁,3,页 网页 主页
一,1,1,一,130,一 一半 一会儿 一块儿 一下儿
衣,1,1,衣,14,衣服 大衣 洗衣机 衬衣 上衣
医,1,1,醫,10,医生 医院 西医 中医 医疗
影,1,2,影,18,电影 电影院 影片 影响 影视
用,1,1,用,52,不用 用 有用 常用 使用
友,1,1,友,18,朋友们 男朋友 女朋友 朋友 网友
有,1,1,有,72,还有 没有 有 有的 有名
右,1,2,右,5,右 右边 左右 左顾右盼 座右铭
雨,1,1,雨,10,下雨 雨 雨水 暴风雨 暴雨
语,1,1,語,23,汉语 外语 词语 英语 语言
元,1,2,元,11,元 单元 美元 公元 元旦
远,1,1,遠,18,远 永远 跳远 远处 长远
院,1,1,院,13,电影院 学院 医院 出院 院
月,1,1,月,14,月 月份 月亮 上个月 下个月
再,1,1,再,11,再 再见 一再 再三 再次
在,1,1,在,22,现在 在 在家 正在 实在
早,1,1,早,20,早 早饭 早上 早餐 早晨
怎,1,1,怎,6,怎么 怎么办 怎么样 怎样 不怎么
站,1,1,站,9,车站 站 地铁站 网站 站住
找,1,1,找,5,找 找到 找出 寻找 查找
这,1,1,這,12,这 这边 这里 这儿 这些
着,1,1,著,36,着 接着 睡着 着火 着急
真,1,1,真,22,认真 真 真的 真正 真实
正,1,1,正,28,正 正在 真正 正常 正好
知,1,1,知,24,知道 知识 通知 通知书 知名
中,1,1,中,52,中 中国 中间 中文 中午
重,1,2,重,49,重 重要 重复 重新 重点
住,1,1,住,15,记住 住 站住 住房 住院
准,1,1,準/准,14,准备 准确 标准 批准 准
桌,1,2,桌,3,桌子 书桌 餐桌
子,1,1,子,139,包子 杯子 本子 儿子 房子
字,1,1,字,22,汉字 名字 字 数字 字典
走,1,1,走,17,走 走路 走过 走进 走开
最,1,2,最,7,最 最好 最后 最近 最初
昨,1,1,昨,1,昨天
左,1,2,左,4,左 左边 左右 左顾右盼
作,1,1,作,44,动作 工作 叫作 作家 作文
坐,1,1,坐,5,请坐 坐 坐下 乘坐 坐落
做,1,1,做,9,做 做到 做法 做饭 做客
啊,2,2,啊,1,啊
安,2,2,安,24,安静 安全 平安 晚安 一路平安
般,2,2,般,2,一般 一般来说
板,2,2,板/闆,8,黑板 板 老板 地板 板块
办,2,2,辦,19,办 办法 办公室 怎么办 办理
饱,2,2,飽,3,饱 饱和 饱满
报,2,2,報,29,报名 报纸 日报 晚报 报
背,2,2,背,10,背 背后 背景 背包 背心
笔,2,2,筆,9,笔 笔记 笔记本 钢笔 毛笔
必,2,2,必,14,必须 必然 必要 不必 未必
变,2,2,變,19,变 变成 改变 变化 变为
便,2,2,便,18,方便 方便面 便宜 随便 便利
遍,2,2,遍,4,遍 普遍 遍地 遍布
表,2,2,表/錶,25,表 表示 手表 表达 表格
部,2,2,部,28,部分 大部分 全部 一部分 北部
才,2,1,才,8,才 刚才 才能 人才 天才
参,2,2,參,10,参观 参加 参考 参与 参赛
餐,2,2,餐,16,快餐 晚餐 午餐 西餐 早餐
草,2,2,草,10,草 草地 草原 草案 草坪
层,2,2,層,8,层 层次 层面 高层 层出不穷
查,2,2,查,12,查 检查 调查 查询 查出
长,2,1,長,55,班长 长 队长 家长 市长
超,2,2,超,11,超过 超市 超级 超越 超
晨,2,2,晨,3,早晨 清晨 凌晨
称,2,2,稱,14,称 名称 称为 称赞 称号
成,2,2,成,57,变成 成 成绩 成为 完成
楚,2,2,楚,1,清楚
处,2,2,處,35,到处 好处 坏处 长处 处理
船,2,3,船,13,船 划船 轮船 船员 船长
吹,2,2,吹,4,吹 吹了 吹牛 吹捧
春,2,2,春,5,春节 春天 春季 青春 青春期
词,2,2,詞,6,词 词典 词语 生词 词汇
带,2,2,帶,21,带 带来 带动 带领 带有
单,2,2,單,19,菜单 单位 名单 单元 简单
但,2,1,但,4,不但 但 但是 但愿
当,2,1,當,43,当 当时 当初 当地 当然
倒,2,2,倒,16,倒 倒闭 倒车 倒是 摔倒
灯,2,2,燈,10,灯 灯光 电灯 台灯 灯笼
低,2,2,低,14,低 降低 低于 低头 低温
典,2,2,典,10,词典 字典 典型 经典 辞典
掉,2,2,掉,7,掉 去掉 掉队 掉头 丢掉
定,2,2,定,51,不一定 一定 定期 否定 规定
冬,2,2,冬,2,冬天 冬季
懂,2,2,懂,3,懂 懂得 懂事
度,2,2,度,38,度 角度 态度 温度 程度
短,2,2,短,12,短 短信 短处 短裤 短期
段,2,2,段,8,段 阶段 手段 地段 段落
队,2,2,隊,17,队 队长 排队 球队 队员
而,2,1,而,30,而且 而 而是 反而 然而
发,2,2,發/髮,75,出发 发 发现 头发 发表
法,2,2,法,31,办法 方法 看法 想法 做法
份,2,2,份,6,份 月份 身份证 身份 份额
封,2,3,封,8,封 信封 封闭 封顶 封建
复,2,2,複/覆/復,22,重复 复习 反复 复印 复杂
该,2,1,該,3,该 应该 活该
改,2,2,改,19,改 改变 改进 改造 修改
感,2,2,感,32,感到 感动 感觉 感谢 感冒
刚,2,2,剛,5,刚 刚才 刚刚 刚好 刚毅
更,2,1,更,9,更 更加 更换 更新 变更
公,2,2,公,56,办公室 公共汽车 公交车 公斤 公里
共,2,2,共,16,公共汽车 一共 公共 共同 共有
狗,2,2,狗,1,狗
够,2,2,夠,5,不够 够 能够 足够 够呛
故,2,2,故,9,故事 故意 故乡 事故 故障
顾,2,2,顧,16,顾客 照顾 不顾 顾问 回顾
观,2,2,觀,28,参观 观点 观察 观看 观念
惯,2,2,慣,6,习惯 惯 惯例 惯性 娇惯
广,2,2,廣,10,广场 广告 广播 广大 推广
海,2,2,海,32,大海 海 海边 海关 海水
喊,2,2,喊,2,喊 呐喊
合,2,2,合,46,合适 场合 合 合法 合格
河,2,2,河,4,河 河流 河畔 运河
黑,2,1,黑,10,黑 黑板 黑色 黑暗 黑夜
红,2,2,紅,17,红 红色 红茶 红酒 红包
忽,2,2,忽,6,忽然 忽视 忽略 忽高忽低 忽悠
湖,2,2,湖,2,湖 湖泊
护,2,2,護,16,护照 保护 爱护 护士 维护
划,2,2,劃/划,9,计划 划船 划 规划 划分
画,2,2,畫,20,画 画家 画儿 图画 动画片
换,2,2,換,13,换 交换 更换 转换 变换
黄,2,2,黃,5,黄 黄色 黄瓜 黄金 黄昏
活,2,2,活,18,干活儿 活动 生活 活 活力
或,2,2,或,5,或 或者 或许 或是 或多或少
级,2,2,級,17,高级 级 年级 中级 班级
急,2,2,急,17,急 紧急 急忙 着急 急救
己,2,2,己,4,自己 身不由己 损人利己 知己
计,2,2,計,21,计划 计算机 计算 设计 预计
际,2,2,際,4,国际 实际 实际上 交际
绩,2,2,績,2,成绩 业绩
加,2,2,加,25,参加 加 加油 更加 加工
检,2,2,檢,7,检查 检测 体检 检验 安检
件,2,2,件,16,件 条件 电子邮件 事件 文件
健,2,2,健,7,健康 健身 健全 保健 健美
讲,2,2,講,10,讲 讲话 听讲 讲究 讲座
交,2,2,交,39,公交车 交 交给 交朋友 交通
角,2,2,角,9,角 角度 角色 主角 角落
饺,2,2,餃,1,饺子
脚,2,2,腳,5,脚 脚步 脚印 手脚 指手画脚
接,2,2,接,31,接 接到 接受 接下来 接着
街,2,2,街,6,街 街道 大街 街头 大街小巷
节,2,2,節,30,春节 节 节目 节日 音节
结,2,2,結,25,结果 结实 结合 结婚 结束
借,2,1,借,7,借 借鉴 借口 借条 借用
斤,2,2,斤,2,公斤 斤
近,2,2,近,19,近 最近 将近 接近 近期
经,2,2,經,28,经常 经过 经理 已经 曾经
睛,2,2,睛,3,眼睛 画龙点睛 目不转睛
静,2,2,靜,10,安静 静 冷静 宁静 平静
久,2,2,久,13,不久 多久 好久 久 长久
酒,2,1,酒,15,酒 酒店 红酒 啤酒 酒吧
举,2,2,舉,19,举 举手 举行 举办 举动
句,2,2,句,3,句 句子 一句话
卡,2,2,卡,10,卡 信用卡 银行卡 贺卡 磁卡
康,2,2,康,3,健康 康复 小康
靠,2,2,靠,5,靠 可靠 依靠 靠近 靠拢
科,2,2,科,19,科学家 科 科学 科技 本科
可,2,1,可,45,可爱 可能 可怕 可是 可以
克,2,2,克,9,克 千克 克服 巧克力 克隆
刻,2,2,刻,10,刻 立刻 深刻 时刻 此刻
空,2,2,空,26,空气 有空儿 空 空调 空儿
哭,2,2,哭,3,哭 哭泣 哭笑不得
筷,2,2,筷,1,筷子
拉,2,2,拉,7,拉 拉开 阿拉伯语 拉动 拉拢
蓝,2,2,藍,5,蓝 蓝色 蓝领 蓝天 蓝图
篮,2,2,籃,2,篮球 摇篮
乐,2,2,樂,19,快乐 音乐 音乐会 欢乐 可乐
离,2,2,離,15,离 离开 离婚 距离 离不开
礼,2,2,禮,15,礼物 婚礼 典礼 礼 礼拜
理,2,2,理,53,道理 经理 理想 办理 处理
力,2,2,力,65,努力 动力 力 力量 能力
利,2,2,利,28,流利 顺利 利用 胜利 有利
例,2,2,例,11,例如 例子 比例 例外 惯例
脸,2,2,臉,7,脸 脸盆 脸色 笑脸 愁眉苦脸
练,2,2,練,9,练 练习 教练 训练 熟练
凉,2,2,涼,8,凉 凉快 凉水 凉鞋 荒凉
亮,2,2,亮,9,亮 漂亮 月亮 明亮 洪亮
辆,2,2,輛,2,车辆 辆
量,2,2,量,29,大量 商量 尽量 力量 数量
留,2,2,留,18,留 留下 留学生 保留 留学
流,2,2,流,33,流 流利 流行 交流 潮流
旅,2,2,旅,8,旅客 旅行 旅游 旅馆 旅行社
绿,2,2,綠,8,绿 绿色 绿茶 绿化 碧绿
论,2,2,論,23,讨论 不论 理论 辩论 结论
卖,2,2,賣,9,卖 外卖 买卖 出卖 倒卖
满,2,2,滿,12,不满 满 满意 充满 满足
猫,2,2,貓,2,猫 大熊猫
末,2,3,末,4,周末 末 期末 末日
目,2,2,目,28,节目 目的 目标 目前 题目
鸟,2,2,鳥,2,鸟 鸟巢
弄,2,2,弄,4,弄 嘲弄 卖弄 弄虚作假
努,2,2,努,1,努力
爬,2,2,爬,3,爬 爬山 连滚带爬
怕,2,1,怕,6,可怕 怕 害怕 恐怕 哪怕
排,2,2,排,12,排 排队 排球 安排 排名
碰,2,2,碰,7,碰 碰到 碰见 碰钉子 碰巧
篇,2,2,篇,2,篇 篇幅
片,2,2,片,19,片 图片 药片 影片 照片
漂,2,2,漂,2,漂亮 漂
平,2,2,平,33,公平 平 平安 平常 平等
瓶,2,2,瓶,4,瓶 瓶子 花瓶 瓶颈
普,2,2,普,7,普通 普通话 普遍 普及 吉普
其,2,2,其,18,其他 其中 其次 其实 极其
骑,2,2,騎,2,骑 骑车
千,2,2,千,9,千 千克 千万 成千上万 千变万化
墙,2,3,牆,5,墙 墙壁 城墙 防火墙 围墙
且,2,2,且,4,而且 并且 况且 且
青,2,2,青,7,青年 青少年 青春 青 青春期
轻,2,2,輕,10,年轻 轻 轻松 轻易 减轻
清,2,2,清,20,清楚 清醒 清晨 清理 清
情,2,2,情,49,爱情 热情 事情 心情 感情
晴,2,3,晴,3,晴 晴天 晴朗
秋,2,2,秋,3,秋天 秋季 中秋节
求,2,2,求,25,请求 求 要求 需求 征求
取,2,2,取,25,取 取得 采取 取消 争取
全,2,2,全,31,安全 全 全部 全国 全家
确,2,2,確,14,正确 准确 明确 确保 确定
然,2,1,然,41,大自然 忽然 然后 虽然 必然
让,2,1,讓,5,让 转让 让座 让步 退让
如,2,2,如,30,比如 比如说 不如 例如 如果
入,2,2,入,31,进入 入口 收入 深入 输入
色,2,2,色,23,白色 黑色 红色 黄色 蓝色
声,2,2,聲,25,大声 声音 小声 歌声 声明
省,2,2,省,6,省 节省 省钱 反省 省略
实,2,2,實,51,实际 实习 实现 实在 结实
食,2,2,食,17,食物 美食 食品 粮食 零食
使,2,2,使,16,使用 大使馆 使 促使 使劲
示,2,2,示,18,表示 显示 暗示 示范 提示
市,2,2,市,13,超市 市 市长 城市 市场
适,2,2,適,11,合适 适合 适应 适用 舒适
室,2,2,室,14,办公室 教室 实验室 室 卧室
收,2,2,收,34,收 收到 收入 收费 收看
受,2,2,受,24,接受 难受 受到 感受 受
舒,2,2,舒,3,舒服 舒适 舒畅
熟,2,2,熟,6,熟 成熟 熟人 熟练 熟悉
数,2,2,數,26,大多数 多数 分数 人数 少数
顺,2,2,順,19,顺利 一路顺风 顺序 顺 顺便
司,2,2,司,10,公司 司机 寿司 打官司 官司
思,2,2,思,19,不好意思 意思 有意思 思想 思考
算,2,2,算,19,打算 计算机 算 计算 总算
虽,2,2,雖,3,虽然 虽 虽说
随,2,2,隨,17,随便 随时 随 随手 跟随
所,2,1,所,28,所以 所有 场所 所 所长
它,2,2,它,2,它 它们
态,2,2,態,11,态度 状态 动态 心态 形态
堂,2,2,堂,9,课堂 食堂 教堂 礼堂 天堂
讨,2,2,討,11,讨论 讨厌 探讨 检讨 乞讨
套,2,2,套,7,套 手套 套餐 外套 配套
特,2,2,特,24,特别 特点 特色 独特 模特儿
疼,2,2,疼,4,疼 心疼 疼痛 头疼
提,2,2,提,25,提 提出 提到 提高 提前
题,2,2,題,17,难题 题 问题 标题 话题
铁,2,3,鐵,5,地铁 地铁站 铁 铁路 高铁
庭,2,2,庭,3,家庭 法庭 大家庭
停,2,2,停,14,停 停车 停车场 停止 停下
挺,2,2,挺,2,挺 挺好
通,2,2,通,43,交通 普通 普通话 通 通过
头,2,2,頭,66,点头 里头 头 头发 老头儿
推,2,2,推,20,推 推动 推广 推进 推开
腿,2,2,腿,2,腿 火腿
完,2,1,完,12,完 完成 完全 完美 完善
碗,2,2,碗,2,碗 饭碗
万,2,2,萬,13,万 千万 万一 成千上万 鹏程万里
王,2,2,王,9,老王 小王 王 国王 王后
往,2,2,往,20,往 交往 前往 往往 以往
为,2,1,為,38,成为 认为 为 为什么 行为
位,2,2,位,25,单位 位 座位 各位 地位
味,2,2,味,18,味道 味儿 意味着 风味 回味
喂,2,,喂/餵,2,喂 喂养
温,2,2,溫,17,气温 温度 温暖 降温 高温
闻,2,2,聞,12,闻 新闻 丑闻 传闻 耳闻目睹
务,2,2,務,22,服务 公务员 任务 服务员 家务
物,2,2,物,33,动物 动物园 礼物 食物 购物
夏,2,2,夏,3,夏天 夏季 夏令营
相,2,2,相,47,相同 相信 相机 照相 互相
响,2,2,響,10,响 影响 反响 影响力 响声
向,2,1,向/嚮,25,方向 向 向导 向前 向上
像,2,2,像,12,好像 像 偶像 摄像 摄像机
鞋,2,2,鞋,7,球鞋 鞋 高跟鞋 皮鞋 凉鞋
心,2,2,心,102,放心 关心 开心 小心 心里
信,2,2,信,36,短信 相信 信 信号 信息
姓,2,2,姓,4,姓 姓名 老百姓 姓氏
须,2,2,須,3,必须 无须 须
许,2,2,許,11,许多 也许 或许 不许 许可
选,2,2,選,19,选 选手 挑选 选择 当选
雪,2,2,雪,7,下雪 雪 冰雪 滑雪 瑞雪
言,2,2,言,25,语言 发言 言语 传言 发言人
颜,2,2,顏,3,颜色 五颜六色 容颜
眼,2,2,眼,28,眼 眼睛 眼前 眼镜 眼泪
阳,2,2,陽,6,太阳 阳光 阳台 太阳能 晒太阳
养,2,2,養,23,养 营养 疗养 培养 养成
药,2,2,藥,13,药 药店 药片 药水 药物
业,2,2,業,30,作业 创业 工业 就业 开业
夜,2,2,夜,19,半夜 夜 夜里 夜间 黑夜
宜,2,2,宜,4,便宜 不宜 事宜 适宜
已,2,2,已,7,已经 已 早已 不得已 不已
以,2,1,以,34,可以 所以 以后 以前 以上
椅,2,2,椅,3,椅子 轮椅 藤椅
亿,2,2,億,1,亿
意,2,1,意,63,不好意思 故意 满意 意见 意思
因,2,1,因,8,因为 原因 因此 因而 因
阴,2,3,陰,6,阴 阴天 阴谋 阴影 阴暗
音,2,2,音,15,读音 声音 音节 音乐 音乐会
银,2,2,銀,5,银行 银行卡 银 银牌 银幕
印,2,2,印,10,打印 复印 印象 印刷 打印机
应,2,1,應,24,答应 应该 反应 适应 应当
英,2,3,英,7,英文 英语 英勇 英雄 精英
迎,2,3,迎,5,欢迎 迎接 迎来 迎 迎合
永,2,2,永,4,永远 永不 永恒 永久
由,2,2,由,13,自由 理由 由 由于 由此
油,2,2,油,9,加油 油 石油 加油站 汽油
游,2,3,遊/游,18,旅游 游客 游 游戏 游泳
又,2,1,又,1,又
于,2,2,於/于,47,等于 属于 由于 终于 处于
鱼,2,2,魚,4,鱼 钓鱼 鳄鱼 鲨鱼
育,2,2,育,10,教育 体育 体育场 体育馆 培育
园,2,3,園,12,动物园 公园 花园 校园 幼儿园
原,2,2,原,23,原来 原因 原料 原则 草原
愿,2,2,願,14,愿意 愿望 志愿者 志愿 愿
越,2,2,越,9,越 越来越 超越 穿越 跨越
云,2,2,雲,4,多云 云 乌云 风云
运,2,2,運,23,运动 命运 幸运 运输 亚运会
咱,2,2,咱,2,咱 咱们
脏,2,2,髒/臟,4,脏 心脏 心脏病 肝脏
澡,2,2,澡,1,洗澡
占,2,2,占/佔,9,占 占领 占有 占据 霸占
照,2,2,照,23,护照 照顾 照片 照相 按照
者,2,2,者,12,或者 读者 记者 者 志愿者
直,2,2,直,19,一直 直接 简直 直 直播
只,2,2,只/隻,12,只 只能 只要 只好 只是
纸,2,2,紙,4,报纸 纸 图纸 造纸术
钟,2,3,鐘,5,分钟 钟 闹钟 钟头 警钟
周,2,2,周/週,13,上周 下周 周 周末 周年
主,2,2,主,44,主人 主要 主持 主动 主任
助,2,1,助,17,帮助 赞助 辅助 助理 助手
装,2,2,裝,19,装 安装 服装 装修 装置
自,2,2,自,57,大自然 来自 自己 自行车 自由
租,2,2,租,6,出租 出租车 租 房租 租金
组,2,2,組,11,小组 组 组成 组长 分组
嘴,2,,嘴,7,嘴 嘴巴 插嘴 吵嘴 咧嘴
座,2,2,座,9,座 座位 讲座 让座 座谈会
按,3,3,按,7,按 按照 按时 按摩 按键
把,3,1,把,6,把 把握 把柄 把关 把手
搬,3,,搬,3,搬 搬家 搬迁
保,3,3,保,25,保 保安 保持 保存 保护
被,3,2,被,6,被 被子 被迫 被动 被告
币,3,3,幣,4,人民币 外币 货币 硬币
标,3,2,標,17,标题 标准 目标 标志 商标
并,3,3,並/併,8,并 并且 合并 并非 并购
播,3,3,播,9,播出 播放 传播 广播 直播
补,3,3,補,15,补 补充 补偿 补贴 补考
布,3,3,布/佈,13,布 公布 宣布 布置 分布
步,3,2,步,18,步 初步 进步 进一步 跑步
材,3,3,材,10,教材 材料 身材 题材 棺材
采,3,3,採/采,12,采取 采用 采访 采购 采纳
彩,3,3,彩,11,彩色 精彩 色彩 彩票 彩电
曾,3,3,曾,4,曾经 曾 不曾 似曾相识
察,3,3,察,9,观察 警察 考察 察觉 察看
产,3,2,產,20,产生 生产 财产 产品 破产
厂,3,2,廠,6,厂 工厂 厂长 厂商 厂家
朝,3,3,朝,7,朝 朝代 朝着 有朝一日 朝气蓬勃
吵,3,3,吵,4,吵 吵架 吵嘴 争吵
衬,3,3,襯,3,衬衫 衬衣 衬托
城,3,2,城,10,长城 城 城市 城里 城区
程,3,3,程,21,程度 工程师 过程 课程 程序
持,3,3,持,15,保持 持续 坚持 支持 主持
充,3,3,充,12,补充 充满 充电 充电器 充分
初,3,3,初,14,初 初一 初步 初级 初中
除,3,2,除,23,除了 拆除 除非 除夕 解除
础,3,3,礎,1,基础
传,3,3,傳,26,传 传播 传来 传说 宣传
创,3,3,創,15,创新 创业 创造 创作 创立
此,3,3,此,25,因此 此 此外 从此 彼此
村,3,2,村,4,村 农村 乡村 村庄
存,3,3,存,11,保存 存 存在 生存 存款
达,3,2,達,13,表达 达到 到达 发达 传达
代,3,3,代,27,代 代表 代表团 古代 现代化
待,3,3,待,14,等待 对待 接待 待遇 期待
刀,3,2,刀,2,刀 剪刀
导,3,3,導,17,导演 领导 指导 导游 导致
底,3,3,底,16,到底 底下 年底 彻底 底
调,3,2,調,23,调 调查 空调 强调 调整
订,3,3,訂,9,订 预订 制订 签订 订单
断,3,2,斷,15,不断 断 判断 诊断 中断
顿,3,3,頓,5,顿 整顿 顿时 停顿 抑扬顿挫
烦,3,2,煩,7,麻烦 烦 不耐烦 烦闷 烦恼
反,3,2,反,26,反对 反复 反应 反正 反
范,3,3,範,9,范围 规范 模范 示范 防范
防,3,3,防,17,防 防止 预防 防治 消防
访,3,3,訪,7,访问 采访 拜访 出访 访谈
啡,3,,啡,1,咖啡
费,3,3,費,23,费 费用 交费 浪费 收费
丰,3,3,豐,7,丰富 丰收 丰富多彩 丰厚 丰满
否,3,2,否,7,否定 否认 否则 是否 能否
夫,3,2,夫,9,大夫 工夫 功夫 夫妇 夫妻
福,3,3,福,6,福 幸福 祝福 福利 福气
父,3,2,父,9,父母 父亲 父女 父子 师父
付,3,3,付,9,付 支付 对付 付出 付费
负,3,3,負,13,负责 负担 负责人 胜负 负
富,3,3,富,14,丰富 富 财富 富人 富有
概,3,3,概,8,大概 概念 概括 概况 概率
赶,3,3,趕,10,赶 赶到 赶紧 赶快 赶不上
敢,3,2,敢,6,敢 勇敢 不敢当 敢于 敢情
格,3,3,格,15,表格 合格 价格 性格 资格
各,3,2,各,8,各 各地 各位 各种 各自
根,3,3,根,10,根本 根 根据 根基 根深蒂固
功,3,3,功,17,成功 功夫 功课 功能 多功能
姑,3,3,姑,2,姑娘 姑姑
古,3,2,古,12,古 古代 古老 古典 古董
挂,3,2,掛,7,挂 挂钩 挂号 挂念 挂失
怪,3,3,怪,10,奇怪 怪 大惊小怪 古怪 怪不得
管,3,2,管,21,管 管理 不管 吸管 尽管
光,3,3,光,34,不光 光 光明 阳光 灯光
规,3,3,規,14,规定 规范 大规模 规律 规模
哈,3,2,哈,1,哈哈
害,3,3,害,21,害怕 危害 伤害 害 厉害
何,3,3,何,10,任何 如何 为何 何必 何处
互,3,3,互,8,互联网 互相 相互 互动 互补
华,3,2,華,12,华人 中华民族 华语 中华 才华
化,3,2,化,34,变化 化 现代化 文化 消化
环,3,3,環,8,环 环保 环境 环节 循环
婚,3,3,婚,7,结婚 离婚 婚礼 订婚 婚纱
积,3,3,積,11,积极 面积 积极性 积累 体积
基,3,3,基,12,基本 基本上 基础 基地 基金
及,3,2,及,16,及时 普及 及格 来不及 来得及
极,3,3,極,16,积极 极了 积极性 极 极其
集,3,3,集,20,集体 集中 集合 集团 收集
纪,3,3,紀,10,纪录 纪念 年纪 世纪 纪律
技,3,3,技,12,技术 科技 技巧 技能 高科技
济,3,3,濟,6,经济 接济 救济 市场经济 同舟共济
继,3,3,繼,9,继续 继承 继 继而 继父
价,3,3,價,24,价格 价钱 价值 票价 评价
架,3,3,架,9,吵架 架 书架 衣架 打架
坚,3,3,堅,11,坚持 坚决 坚强 坚固 坚定
简,3,3,簡,13,简单 简直 简历 简介 简称
建,3,3,建,20,建 建成 建立 建设 建议
将,3,3,將,8,将近 将来 即将 将 将要
蕉,3,,蕉,1,香蕉
较,3,3,較,5,比较 较 计较 较劲 较量
解,3,3,解,33,解决 解开 理解 缓解 解释
界,3,3,界,16,世界 世界杯 全世界 外界 界
金,3,3,金,22,金 金牌 现金 资金 黄金
仅,3,3,僅,5,不仅 仅 仅仅 不仅仅 仅次于
尽,3,3,儘/盡,12,尽量 尽快 尽力 尽管 尽可能
紧,3,3,緊,16,赶紧 紧 紧急 紧张 不要紧
精,3,3,精,26,精彩 精神 精力 精 精美
景,3,3,景,13,景色 背景 风景 情景 景象
警,3,3,警,9,交警 警察 报警 警告 民警
境,3,3,境,13,环境 边境 出境 处境 过境
旧,3,3,舊,6,旧 仍旧 依旧 陈旧 怀旧
救,3,3,救,18,救 救灾 抢救 急救 救命
具,3,3,具,10,工具 家具 具体 具有 玩具
剧,3,3,劇,20,电视剧 话剧 京剧 剧场 连续剧
据,3,3,據,13,据说 证据 根据 数据 依据
决,3,3,決,16,坚决 解决 决定 决赛 决心
绝,3,3,絕,13,绝对 拒绝 绝望 绝 绝大多数
咖,3,,咖,1,咖啡
恐,3,3,恐,7,恐怕 恐怖 恐吓 恐慌 恐惧
苦,3,3,苦,19,痛苦 苦 艰苦 酸甜苦辣 辛苦
裤,3,,褲,3,短裤 裤子 牛仔裤
况,3,2,況,7,情况 状况 概况 何况 况且
困,3,2,困,6,困 困难 困扰 贫困 困惑
浪,3,3,浪,8,浪费 浪漫 波浪 海浪 冲浪
类,3,3,類,10,类 类似 人类 类型 种类
李,3,2,李,1,行李
历,3,3,歷/曆,14,经历 简历 历史 日历 来历
立,3,3,立,29,成立 建立 立刻 设立 独立
丽,3,3,麗,7,美丽 风和日丽 华丽 亮丽 秀丽
连,3,2,連,16,连 连忙 连续 连续剧 接连
联,3,3,聯,14,互联网 联合 联合国 联系 联络
烈,3,3,烈,8,强烈 热烈 激烈 剧烈 烈士
领,3,3,領,26,本领 带领 领 领导 领先
另,3,2,另,3,另外 另一方面 另
龙,3,2,龍,9,龙 画龙点睛 恐龙 来龙去脉 龙舟
录,3,3,錄,12,记录 纪录 录 录音 登录
乱,3,3,亂,12,乱 混乱 捣乱 胡思乱想 慌乱
落,3,3,落,21,落后 降落 落 落实 段落
麻,3,2,麻,8,麻烦 麻 麻痹 麻将 麻辣
冒,3,3,冒,7,感冒 冒 假冒 冒充 冒犯
媒,3,3,媒,3,媒体 传媒 多媒体
每,3,1,每,3,每 每当 每逢
美,3,2,美,29,美 美好 美丽 美食 美术
迷,3,3,迷,17,歌迷 迷 球迷 迷人 迷信
民,3,2,民,28,公民 民间 民族 农民 人民
命,3,3,命,17,命运 生命 命令 救命 命
某,3,3,某,1,某
母,3,3,母,11,父母 母亲 字母 母 母鸡
木,3,1,木,7,木头 麻木 木板 木材 木匠
内,3,3,內,22,国内 内 内容 内心 内部
念,3,2,念,19,概念 观念 纪念 念 怀念
娘,3,3,娘,3,姑娘 新娘 娘
农,3,3,農,8,农村 农民 农业 农产品 农场
暖,3,3,暖,8,暖和 温暖 暖气 暖 保暖
拍,3,3,拍,7,拍 拍照 拍摄 球拍 拍板
牌,3,2,牌,13,金牌 牌子 银牌 名牌儿 牌
派,3,3,派,5,派 派出 派别 派遣 气派
判,3,3,判,10,判断 谈判 裁判 判 判处
胖,3,2,胖,3,胖 胖子 肥胖
配,3,3,配,13,分配 配 配合 配备 配套
批,3,3,批,8,批评 批准 批 大批 批发
皮,3,3,皮,9,皮 皮包 调皮 皮肤 皮鞋
啤,3,,啤,1,啤酒
品,3,3,品,31,商品 食品 作品 产品 品质
评,3,3,評,13,批评 评价 评估 评论 评
苹,3,2,蘋,1,苹果
破,3,3,破,13,打破 破 破坏 破产 突破
齐,3,3,齊,5,齐 整齐 齐全 一齐 齐心协力
奇,3,3,奇,13,好奇 奇怪 神奇 奇妙 传奇
器,3,3,器,16,机器 武器 充电器 器官 机器人
强,3,3,強,28,加强 坚强 强 强大 强调
桥,3,3,橋,4,桥 桥梁 立交桥 天桥
巧,3,3,巧,11,巧 技巧 巧克力 巧妙 凑巧
切,3,3,切,13,亲切 一切 密切 迫切 切
亲,3,3,親,22,父亲 母亲 亲 亲切 亲人
庆,3,3,慶,6,国庆 庆祝 庆典 庆贺 庆幸
区,3,2,區,16,地区 区 区别 市区 郊区
缺,3,3,缺,12,缺 缺点 缺少 缺乏 缺陷
裙,3,,裙,1,裙子
群,3,3,群,6,群 人群 群体 群众 成群结队
任,3,3,任,23,任 任何 任务 信任 责任
仍,3,3,仍,3,仍 仍然 仍旧
容,3,3,容,21,内容 容易 形容 好容易 好不容易
赛,3,3,賽,13,比赛 决赛 大奖赛 竞赛 半决赛
散,3,3,散,9,散步 分散 散 散文 解散
沙,3,3,沙,6,沙发 沙子 沙漠 风沙 沙龙
衫,3,,衫,1,衬衫
善,3,3,善,9,完善 改善 善良 善于 慈善
伤,3,3,傷,16,伤 伤心 受伤 伤害 悲伤
设,3,3,設,15,建设 设备 设计 设立 设施
社,3,2,社,11,旅行社 社会 社 社区 报社
深,3,2,深,21,深 深刻 深入 深厚 深处
神,3,3,神,15,精神 神话 神秘 神 神经
升,3,3,升,14,上升 升 毫升 升高 升级
胜,3,3,勝,10,胜 胜利 战胜 胜负 名胜
失,3,3,失,29,失去 消失 失败 失望 失业
石,3,3,石,9,石头 石油 宝石 化石 礁石
始,3,3,始,5,开始 始终 原始 创始人 自始至终
世,3,3,世,14,去世 世纪 世界 世界杯 全世界
式,3,3,式,13,方式 形式 正式 闭幕式 公式
似,3,3,似,9,类似 相似 似的 似乎 好似
势,3,3,勢,17,优势 趋势 形势 势力 强势
首,3,3,首,16,首都 首先 首 首次 首脑
输,3,2,輸,10,输 输入 运输 输出 传输
属,3,3,屬,11,家属 属 属于 亲属 非金属
术,3,3,術,12,技术 美术 武术 艺术 手术
束,3,3,束,5,结束 束 约束 拘束 束缚
双,3,3,雙,10,双 双方 双手 双打 举世无双
死,3,3,死,5,死 死亡 生死 死心 死心塌地
速,3,3,速,13,高速 高速公路 快速 速度 迅速
台,3,3,臺/台/颱/檯,23,电视台 电台 台 舞台 窗台
谈,3,2,談,15,谈 谈话 谈判 会谈 座谈会
汤,3,2,湯,2,汤 汤圆
糖,3,3,糖,6,糖 口香糖 砂糖 糖果 糖尿病
甜,3,3,甜,5,甜 酸甜苦辣 甜美 甜蜜 甜头
跳,3,3,跳,9,跳 跳高 跳舞 跳远 跳水
痛,3,2,痛,7,痛 痛苦 痛快 疼痛 悲痛
突,3,3,突,8,突出 突然 冲突 突破 突发
土,3,2,土,12,土 土地 土豆 本土 出土
团,3,3,團,14,代表团 团 团结 团体 集团
退,3,3,退,14,退 退出 退休 退票 辞退
望,3,2,望,21,希望 愿望 看望 失望 绝望
危,3,3,危,6,危害 危险 危机 乘人之危 危及
围,3,3,圍,9,范围 围 周围 围巾 包围
伟,3,3,偉,3,伟大 雄伟 宏伟
卫,3,3,衛,8,卫生 卫生间 保卫 卫星 防卫
握,3,3,握,4,把握 握手 握 掌握
屋,3,3,屋,4,房屋 屋子 屋 屋顶
武,3,3,武,5,武器 武术 核武器 武力 武装
舞,3,3,舞,7,跳舞 舞台 舞 舞蹈 歌舞
误,3,2,誤,10,错误 误会 失误 误解 误
希,3,3,希,1,希望
戏,3,3,戲,8,游戏 戏 戏剧 戏曲 游戏机
显,3,3,顯,13,明显 显得 显然 显示 显著
险,3,3,險,10,保险 风险 危险 险 化险为夷
线,3,3,線,23,路线 线 光线 线索 直线
乡,3,3,鄉,9,故乡 家乡 乡 乡村 城乡
香,3,2,香,9,香 香蕉 香肠 口香糖 香料
箱,3,,箱,7,邮箱 冰箱 箱 箱子 信箱
象,3,2,象,12,对象 现象 形象 印象 想象
消,3,3,消,16,取消 消费 消失 消息 消化
效,3,3,效,18,效果 有效 效率 成效 无效
血,3,2,血,15,血 血管 血液 出血 高血压
形,3,3,形,21,形成 形式 形象 形状 形容
幸,3,3,幸/倖,10,幸福 幸运 不幸 庆幸 荣幸
性,3,3,性,36,个性 性 积极性 性别 性格
修,3,3,修,18,修 修改 维修 修理 装修
需,3,2,需,6,需求 需要 必需 急需 内需
续,3,3,續,11,持续 继续 连续 连续剧 手续
宣,3,3,宣,9,宣布 宣传 宣称 宣读 宣告
训,3,3,訓,5,训练 教训 培训 培训班 训
压,3,2,壓,13,压 压力 压迫 高血压 高压
烟,3,3,煙,8,烟 抽烟 吸烟 烟花 戒烟
演,3,3,演,24,表演 导演 演 演唱 演唱会
验,3,2,驗,12,经验 考验 实验 实验室 试验
羊,3,2,羊,2,羊 亡羊补牢
义,3,3,義,18,意义 含义 义务 正义 名义
艺,3,3,藝,10,艺术 工艺 工艺品 文艺 文艺界
议,3,3,議,17,会议 建议 议论 协议 协议书
易,3,3,易,11,交易 容易 轻易 不易 贸易
营,3,3,營,10,经营 营养 营业 私营 夏令营
赢,3,,贏,4,赢 赢得 双赢 赢家
泳,3,3,泳,2,游泳 游泳池
优,3,3,優,13,优点 优势 优良 优美 优秀
邮,3,3,郵,8,电子邮件 邮件 邮票 邮箱 邮局
预,3,3,預,22,预报 预防 预计 预习 预测
员,3,3,員,27,成员 队员 公务员 会员 人员
约,3,2,約,18,大约 节约 约 约会 签约
杂,3,3,雜,7,复杂 杂志 杂 错综复杂 杂技
造,3,3,造,21,创造 改造 造 造成 制造
责,3,3,責,10,负责 责任 负责人 指责 职责
增,3,3,增,12,增加 增长 增 增产 增大
展,3,3,展,16,发展 进展 开展 展开 扩展
张,3,2,張,12,紧张 张 主张 东张西望 慌张
章,3,3,章,8,文章 章 出口成章 顺理成章 违章
争,3,3,爭,17,争 争取 战争 争论 竞争
整,3,3,整,15,调整 完整 整 整个 整理
证,3,3,證,22,保证 身份证 证 证件 证据
支,3,2,支,13,支 支持 支付 支出 支配
汁,3,3,汁,4,果汁 橙汁 原汁原味 汁
值,3,3,值,11,价值 值 值得 值班 不值
职,3,3,職,19,职工 职业 辞职 职能 职位
止,3,2,止,17,防止 停止 禁止 阻止 不止
指,3,3,指,23,手指 指 指出 指导 指挥
至,3,3,至,15,至今 至少 甚至 至 不至于
志,3,2,誌/志,10,杂志 志愿者 志愿 标志 意志
制,3,3,制/製,33,制定 制度 制造 制作 复制
终,3,3,終,11,始终 终于 终点 终身 终止
种,3,2,種,9,各种 种 种子 多种 种类
众,3,3,眾,13,观众 听众 大众 群众 众多
猪,3,2,豬,1,猪
注,3,3,注/註,11,关注 注意 注册 注射 注视
祝,3,3,祝,5,庆祝 祝 祝福 祝贺 祝愿
抓,3,2,抓,3,抓 抓住 抓紧
专,3,3,專,18,专家 专门 专题 专业 专心
转,3,2,轉,30,转 转变 转动 转告 转身
状,3,3,狀,7,形状 状况 状态 现状 症状
追,3,3,追,11,追 追求 追究 追悼会 追赶
资,3,3,資,19,工资 资格 资金 投资 资料
总,3,2,總,20,总 总结 总是 总共 总理
足,3,2,足,18,满足 足够 足球 不足 充足
族,3,3,族,7,民族 中华民族 族 上班族 贵族
阿,4,,阿,2,阿姨 阿拉伯语
矮,4,3,矮,2,矮 矮小
案,4,,案,8,答案 方案 图案 档案 案件
暗,4,3,暗,7,暗 暗示 黑暗 暗地里 暗杀
巴,4,2,巴,5,巴士 大巴 尾巴 嘴巴 巴不得
摆,4,3,擺,7,摆 摆动 摆脱 摆放 摆平
败,4,3,敗,4,败 打败 失败 腐败
伴,4,3,伴,9,伙伴 伴 伴侣 伴随 伴奏
薄,4,,薄,3,薄 薄弱 单薄
宝,4,2,寶,10,宝 宝宝 宝贝 宝贵 宝石
抱,4,2,抱,6,抱 抱怨 拥抱 抱歉 抱负
贝,4,2,貝,2,宝贝 贝壳
倍,4,3,倍,1,倍
笨,4,3,笨,3,笨 笨蛋 笨重
毕,4,3,畢,4,毕业 毕业生 毕竟 完毕
闭,4,3,閉,6,倒闭 封闭 关闭 闭幕 闭幕式
避,4,,避,8,避 避免 回避 避难 避暑
编,4,3,編,11,编 编辑 编制 编号 编剧
辩,4,,辯,5,辩论 辩 辩护 辩解 答辩
冰,4,2,冰,7,冰 冰箱 冰雪 冰棍儿 冰山
兵,4,2,兵,3,兵 士兵 官兵
擦,4,,擦,2,擦 摩擦
财,4,3,財,10,财产 财富 理财 财经 财力
操,4,,操,7,操场 操作 体操 操纵 操控
测,4,3,測,15,测 测量 测试 检测 预测
抄,4,3,抄,3,抄 抄写 抄袭
潮,4,,潮,6,潮 潮流 潮湿 高潮 热潮
彻,4,,徹,4,彻底 彻夜 贯彻 透彻
沉,4,3,沉,12,沉 沉默 沉重 沉甸甸 沉淀
诚,4,3,誠,10,诚实 诚信 真诚 诚恳 诚心诚意
承,4,3,承,10,承担 承认 承受 承办 继承
迟,4,3,遲,6,迟到 推迟 迟 迟迟 迟疑
尺,4,3,尺,4,尺 尺寸 尺子 尺度
冲,4,3,衝/沖,8,冲 冲动 冲突 冲击 冲刺
虫,4,2,蟲,3,虫子 害虫 昆虫
抽,4,3,抽,6,抽 抽奖 抽烟 抽签 抽屉
窗,4,3,窗,5,窗户 窗台 窗子 窗帘 窗口
纯,4,,純,6,纯 纯净水 单纯 纯粹 纯洁
刺,4,,刺,7,刺 刺激 冲刺 刺耳 刺骨
粗,4,3,粗,7,粗 粗心 粗暴 粗糙 粗鲁
促,4,,促,7,促进 促使 促销 促成 催促
寸,4,3,寸,3,尺寸 寸 分寸
措,4,,措,5,措施 筹措 措手不及 惊慌失措 举措
袋,4,3,袋,5,袋 口袋 脑袋 塑料袋 睡袋
戴,4,,戴,1,戴
担,4,3,擔,11,承担 担保 担任 担心 负担
淡,4,3,淡,6,淡 淡化 淡季 冷淡 平淡
登,4,,登,7,登 登记 登录 登山 登机
敌,4,3,敵,2,敌人 无敌
递,4,3,遞,5,快递 传递 递 递给 递交
顶,4,3,頂,8,顶 顶多 顶级 顶尖 封顶
斗,4,3,鬥/斗,8,奋斗 战斗 斗争 搏斗 斗
豆,4,3,豆,5,豆腐 豆制品 土豆 豆浆 豆子
独,4,3,獨,13,单独 独立 独特 独自 孤独
堵,4,3,堵,3,堵 堵车 堵塞
肚,4,3,肚,1,肚子
锻,4,3,鍛,1,锻炼
恶,4,3,噁/惡,12,恶心 罪恶 丑恶 恶 恶化
耳,4,2,耳,10,耳机 耳朵 刺耳 耳光 耳目一新
翻,4,3,翻,6,翻 翻译 翻番 翻来覆去 翻天覆地
肥,4,3,肥,7,肥 减肥 肥料 肥胖 肥沃
纷,4,,紛,3,纷纷 纠纷 缤纷
奋,4,3,奮,8,奋斗 兴奋 勤奋 奋力 奋勇
符,4,3,符,2,符号 符合
府,4,3,府,2,政府 首府
腐,4,3,腐,6,豆腐 腐败 腐化 腐烂 腐蚀
妇,4,2,婦,6,夫妇 妇女 寡妇 媳妇 孕妇
附,4,3,附,7,附近 附件 附 附带 附和
盖,4,3,蓋,7,盖 覆盖 盖子 涵盖 膝盖
隔,4,,隔,7,隔 隔开 隔壁 隔阂 隔离
供,4,,供,8,供应 提供 供给 供 供不应求
构,4,3,構,8,构成 构造 机构 结构 构建
购,4,3,購,7,购买 购物 采购 收购 并购
骨,4,3,骨,5,骨头 刺骨 骨干 骨气 骨折
固,4,,固,10,固定 坚固 巩固 根深蒂固 固然
瓜,4,2,瓜,7,瓜 黄瓜 西瓜 瓜分 瓜子
官,4,3,官,14,法官 官 官方 器官 外交官
逛,4,,逛,1,逛
归,4,3,歸,11,归 改邪归正 归根到底 归还 归结
裹,4,,裹,2,包裹 裹
含,4,3,含,8,包含 含 含量 含义 含有
寒,4,3,寒,2,寒假 寒冷
航,4,3,航,9,航班 航空 宇航员 导航 航海
毫,4,,毫,6,毫米 毫升 毫不 毫不犹豫 毫无
厚,4,3,厚,12,厚 深厚 醇厚 得天独厚 敦厚
乎,4,,乎,6,不在乎 几乎 似乎 在乎 不亦乐乎
呼,4,3,呼,11,呼吸 招呼 称呼 打招呼 呼风唤雨
户,4,3,戶,13,窗户 户 客户 用户 户外
怀,4,3,懷,11,怀念 怀疑 关怀 怀抱 怀旧
缓,4,,緩,6,缓解 缓 缓和 缓缓 缓慢
挥,4,3,揮,3,发挥 指挥 挥
汇,4,,彙/匯,9,词汇 汇 汇报 汇率 外汇
伙,4,3,夥/伙,10,伙 伙伴 小伙子 大伙儿 好家伙
货,4,3,貨,8,百货 货 售货员 货币 货车
获,4,3,獲/穫,9,获 获得 获奖 获取 收获
圾,4,,圾,1,垃圾
激,4,,激,12,刺激 激动 激烈 激情 感激
即,4,3,即,8,即将 立即 即使 当即 即
季,4,3,季,10,春季 冬季 季 季度 季节
既,4,3,既,3,既 既然 一如既往
寄,4,2,寄,2,寄 寄托
减,4,3,減,9,减 减肥 减少 减轻 减免
渐,4,,漸,3,渐渐 逐渐 循序渐进
江,4,2,江,1,江
奖,4,3,獎,15,抽奖 获奖 奖 奖金 奖学金
降,4,,降,8,降 降低 降价 降落 降温
阶,4,,階,5,阶段 台阶 阶层 阶级 阶梯
巾,4,3,巾,2,毛巾 围巾
劲,4,,勁,9,使劲 有劲儿 费劲 较劲 劲头
禁,4,3,禁,7,禁止 不禁 禁不住 禁忌 禁区
惊,4,3,驚,19,吃惊 震惊 惊人 惊喜 触目惊心
竟,4,3,竟,5,竟然 究竟 毕竟 竟 竟敢
镜,4,3,鏡,4,镜头 镜子 眼镜 望远镜
究,4,2,究,7,讲究 究竟 研究 研究生 研究所
居,4,3,居,7,居民 居住 居然 邻居 定居
局,4,3,局/侷,16,局 邮局 局面 局长 布局
巨,4,3,巨,7,巨大 艰巨 巨额 巨人 巨头
距,4,3,距,4,距离 差距 焦距 距
聚,4,,聚,8,聚 聚会 欢聚 汇聚 聚集
卷,4,,卷/捲,5,卷 试卷 卷入 卷子 问卷
均,4,3,均,4,平均 均衡 均匀 人均
棵,4,3,棵,1,棵
宽,4,3,寬,11,宽 宽广 宽度 宽阔 宽敞
矿,4,,礦,5,矿泉水 矿 采矿 矿藏 煤矿
扩,4,,擴,6,扩大 扩展 扩 扩建 扩散
括,4,3,括,4,包括 概括 括号 括弧
垃,4,,垃,1,垃圾
辣,4,3,辣,5,辣 酸甜苦辣 火辣辣 辣椒 麻辣
郎,4,,郎,1,新郎
雷,4,3,雷,2,打雷 雷同
泪,4,3,淚,4,泪 泪水 眼泪 流泪
厘,4,,釐,1,厘米
俩,4,2,倆,1,俩
炼,4,3,鍊/煉,3,锻炼 炼 提炼
良,4,3,良,8,良好 善良 优良 不良 改良
粮,4,,糧,1,粮食
疗,4,3,療,5,疗养 医疗 治疗 疗法 疗效
聊,4,,聊,3,无聊 聊 聊天儿
料,4,3,料,22,材料 燃料 塑料 塑料袋 原料
列,4,,列,11,列 列车 列入 列为 排列
林,4,3,林,6,森林 树林 园林 丛林 穆斯林
临,4,,臨,10,光临 临时 面临 降临 居高临下
陆,4,3,陸,5,大陆 陆地 陆续 陆军 登陆
律,4,,律,6,法律 规律 纪律 律师 一律
虑,4,3,慮,6,考虑 顾虑 焦虑 无忧无虑 疑虑
率,4,,率,16,汇率 率先 效率 率领 表率
轮,4,,輪,9,轮 轮船 轮椅 轮子 车轮
络,4,,絡,4,网络 联络 络绎不绝 脉络
码,4,3,碼,8,号码 密码 数码 二维码 码头
帽,4,,帽,1,帽子
梦,4,3,夢,5,梦 梦见 梦想 做梦 梦幻
秘,4,3,秘/祕,7,秘密 秘书 神秘 秘书长 奥秘
密,4,3,密,17,保密 紧密 秘密 密 密码
免,4,3,免,16,避免 免费 难免 不免 免得
描,4,3,描,5,描述 描写 描绘 扫描 素描
摸,4,3,摸,4,摸 触摸 抚摸 摸索
模,4,3,模,13,大规模 规模 模特儿 模型 模范
默,4,,默,7,沉默 默默 幽默 默读 默默无闻
闹,4,3,鬧,8,闹 闹钟 热闹 胡闹 看热闹
宁,4,3,寧,4,宁静 安宁 宁可 宁愿
浓,4,,濃,5,浓 浓厚 浓缩 浓郁 浓重
盘,4,2,盤,9,光盘 盘 盘子 键盘 磁盘
培,4,,培,5,培训 培训班 培养 培育 栽培
婆,4,,婆,3,老婆 外婆 巫婆
迫,4,,迫,12,被迫 迫切 强迫 压迫 逼迫
妻,4,2,妻,2,夫妻 妻子
企,4,,企,3,企业 企图 外企
浅,4,,淺,2,浅 搁浅
穷,4,,窮,5,穷 穷人 层出不穷 贫穷 无穷
趋,4,,趨,3,趋势 趋于 日趋
趣,4,3,趣,6,感兴趣 乐趣 兴趣 有趣 风趣
圈,4,3,圈,4,圈 圈套 圈子 演艺圈
权,4,3,權,13,权利 权 权力 人权 政权
泉,4,,泉,5,矿泉水 泉 喷泉 温泉 源泉
却,4,,卻,4,却 却是 了却 退却
燃,4,,燃,6,燃料 燃烧 点燃 燃放 燃气
弱,4,,弱,11,弱 薄弱 脆弱 减弱 软弱
伞,4,2,傘,2,伞 跳伞
扫,4,3,掃,6,打扫 扫 扫除 扫描 扫墓
森,4,3,森,1,森林
晒,4,3,曬,2,晒 晒太阳
闪,4,3,閃,3,闪 闪电 闪烁
赏,4,3,賞,5,赏 赞赏 欣赏 观赏 鉴赏
尚,4,3,尚,7,高尚 崇尚 风尚 和尚 尚
烧,4,2,燒,6,发烧 燃烧 烧 焚烧 烧毁
申,4,3,申,5,申请 重申 申办 申报 申领
甚,4,,甚,2,甚至 甚至于
诗,4,3,詩,3,诗 诗人 诗歌
施,4,,施,7,措施 设施 实施 施工 施加
湿,4,,濕,4,潮湿 湿 湿度 湿润
史,4,3,史,2,历史 史无前例
士,4,3,士,16,巴士 护士 男士 女士 士兵
释,4,3,釋,3,解释 爱不释手 释放
守,4,3,守,8,保守 守 遵守 防守 坚守
授,4,3,授,5,教授 传授 函授 授权 授予
售,4,3,售,8,出售 售货员 销售 兜售 零售
叔,4,3,叔,1,叔叔
殊,4,,殊,2,特殊 悬殊
暑,4,3,暑,3,暑假 避暑 暑期
述,4,,述,9,描述 表述 阐述 陈述 讲述
刷,4,,刷,7,刷 刷牙 刷子 牙刷 印刷
帅,4,3,帥,2,帅 帅哥
松,4,,鬆/松,7,放松 轻松 松 松树 宽松
俗,4,,俗,10,风俗 民俗 俗 俗话 俗话说
塑,4,,塑,4,塑料 塑料袋 雕塑 塑造
酸,4,,酸,5,酸 酸奶 酸甜苦辣 心酸 辛酸
孙,4,3,孫,3,孙女 孙子 子孙
缩,4,,縮,14,缩短 缩小 节衣缩食 紧缩 浓缩
躺,4,3,躺,1,躺
梯,4,,梯,5,电梯 楼梯 滑梯 阶梯 梯子
替,4,,替,7,代替 替 替代 交替 接替
填,4,3,填,5,填 填空 填补 填充 填写
挑,4,3,挑,6,挑 挑选 挑战 挑剔 挑起
贴,4,,貼,7,贴 补贴 津贴 体贴 贴近
童,4,3,童,3,儿童 童话 童年
统,4,,統,9,传统 统计 统一 系统 总统
投,4,,投,12,投 投入 投诉 投资 投票
透,4,,透,8,透 透明 透露 渗透 透彻
途,4,,途,10,长途 前途 途中 用途 途径
脱,4,,脫,9,摆脱 脱 脱离 解脱 脱节
袜,4,,襪,1,袜子
弯,4,,彎,6,弯 转弯 弯曲 拐弯 急转弯
微,4,,微,14,微笑 微信 稍微 微博 微波炉
维,4,,維,9,维持 维护 维修 二维码 思维
尾,4,,尾,5,尾巴 结尾 尾气 尾声 追尾
未,4,2,未,10,未必 未来 从未 前所未有 尚未
谓,4,3,謂,3,无所谓 可谓 所谓
稳,4,,穩,9,平稳 稳 稳定 安稳 沉稳
无,4,2,無,70,无 无法 无聊 无论 无数
吸,4,3,吸,9,呼吸 吸 吸管 吸收 吸烟
席,4,3,席,6,出席 主席 首席 缺席 席
细,4,,細,12,细 细节 细致 详细 仔细
鲜,4,3,鮮,10,海鲜 鲜 鲜花 鲜明 新鲜
咸,4,,鹹,1,咸
县,4,3,縣,1,县
限,4,,限,13,期限 无限 限制 有限 极限
项,4,3,項,8,项 项目 奖项 款项 强项
销,4,,銷,12,促销 推销 销售 撤销 报销
型,4,,型,19,大型 典型 类型 模型 小型
醒,4,3,醒,9,清醒 提醒 醒 惊醒 觉醒
兄,4,2,兄,1,兄弟
胸,4,,胸,4,胸部 心胸 胸膛 胸有成竹
秀,4,3,秀,3,优秀 秀丽 秀美
序,4,,序,8,程序 顺序 工序 序 序幕
寻,4,3,尋,8,寻找 寻求 不同寻常 耐人寻味 搜寻
迅,4,,迅,1,迅速
牙,4,2,牙,6,刷牙 牙 牙刷 西班牙语 牙齿
亚,4,3,亞,3,亚运会 亚军 不亚于
呀,4,,呀,2,呀 哎呀
延,4,,延,9,延长 延期 延续 延伸 蔓延
严,4,3,嚴,11,严 严格 严重 严厉 严肃
研,4,2,研,9,研究 研究生 研制 研究所 调研
盐,4,3,鹽,1,盐
扬,4,,揚,11,表扬 得意扬扬 发扬 发扬光大 沸沸扬扬
腰,4,3,腰,1,腰
摇,4,,搖,8,动摇 摇 摇头 摇摆 摇滚
叶,4,3,葉,3,茶叶 树叶 叶子
依,4,3,依,12,依靠 依然 依法 依旧 依据
姨,4,,姨,2,阿姨 姨
移,4,3,移,10,移 移动 移民 转移 迁移
遗,4,3,遺,12,遗产 遗传 遗憾 后遗症 遗留
疑,4,,疑,11,怀疑 疑问 无疑 半信半疑 迟疑
译,4,3,譯,2,翻译 译
益,4,3,益,12,利益 收益 得益于 公益 公益性
引,4,3,引,15,吸引 引 引导 引进 引起
映,4,3,映,4,反映 放映 上映 映
勇,4,3,勇,7,英勇 勇敢 勇气 奋勇 见义勇为
幼,4,,幼,2,幼儿园 幼稚
余,4,3,餘/余,7,其余 业余 多余 剩余 余
与,4,2,與,8,参与 与 与此同时 与否 与其
玉,4,2,玉,2,玉 玉米
遇,4,,遇,11,待遇 机遇 遇 遇到 遇见
圆,4,3,圓,6,圆 圆满 圆珠笔 汤圆 团圆
源,4,3,源,14,电源 来源 资源 发源地 根源
阅,4,3,閱,3,阅读 阅览室 阅历
载,4,3,載,5,记载 下载 承载 载体 转载
赞,4,3,讚/贊,11,称赞 赞成 赞赏 赞助 赞不绝口
则,4,,則,6,否则 规则 原则 以身作则 则
择,4,,擇,1,选择
战,4,,戰,11,挑战 战斗 战胜 战士 战争
丈,4,3,丈,1,丈夫
招,4,3,招,15,招呼 招生 招手 招 招聘
召,4,3,召,3,召开 号召 召集
折,4,3,折/摺,15,打折 折 波折 存折 挫折
针,4,,針,7,打针 方针 针 针对 针锋相对
阵,4,,陣,4,阵 一阵 阵容 阵营
征,4,,徵/征,8,特征 征服 征求 象征 长征
政,4,3,政,10,政府 政治 政策 政党 政权
之,4,2,之,30,分之 之后 之间 之前 之一
植,4,,植,3,植物 种植 移植
址,4,3,址,4,地址 网址 遗址 住址
质,4,,質,21,品质 性质 质量 物质 本质
治,4,3,治,14,政治 治 治疗 防治 治安
致,4,3,致/緻,17,导致 细致 一致 大致 此致
智,4,3,智,10,智力 智能 理智 智慧 机智
置,4,,置,11,安置 布置 设置 位置 装置
逐,4,,逐,6,逐步 逐渐 角逐 驱逐 逐年
著,4,3,著,5,显著 著名 著作 名著 专著
综,4,3,綜,3,综合 错综复杂 综上所述
阻,4,,阻,7,阻止 阻碍 劝阻 阻挡 阻拦
碍,5,,礙,4,阻碍 障碍 碍事 妨碍
岸,5,,岸,5,岸 岸上 两岸 海岸 沿岸
拔,5,,拔,5,拔 选拔 海拔 提拔 一毛不拔
拜,5,,拜,7,拜访 礼拜 崇拜 拜会 拜见
版,5,3,版,7,版 出版 电子版 正版 盗版
扮,5,3,扮,4,扮演 打扮 扮 装扮
棒,5,3,棒,2,棒 棒球
悲,5,3,悲,8,悲剧 悲伤 悲惨 悲哀 悲观
辈,5,,輩,4,辈 一辈子 前辈 长辈
鼻,5,3,鼻,2,鼻子 鼻涕
彼,5,,彼,2,彼此 此起彼伏
壁,5,,壁,4,隔壁 墙壁 壁画 戈壁
宾,5,3,賓,4,宾馆 嘉宾 贵宾 来宾
饼,5,3,餅,3,饼 饼干 月饼
玻,5,,玻,1,玻璃
博,5,3,博,6,博客 博览会 博士 博物馆 微博
猜,5,3,猜,4,猜 猜测 猜谜 猜想
裁,5,,裁,7,裁判 总裁 裁 裁定 裁决
册,5,3,冊,4,册 注册 画册 手册
叉,5,3,叉,3,叉 叉子 交叉
插,5,,插,4,插 插手 插图 插嘴
拆,5,,拆,3,拆 拆除 拆迁
柴,5,,柴,1,火柴
肠,5,,腸,3,肠 香肠 心肠
尝,5,3,嚐/嘗,3,尝 尝试 品尝
偿,5,,償,6,补偿 赔偿 偿还 得不偿失 如愿以偿
倡,5,,倡,3,倡导 提倡 倡议
乘,5,,乘,7,乘 乘车 乘客 乘坐 乘人之危
池,5,,池,4,池子 电池 游泳池 池塘
愁,5,3,愁,5,愁 愁眉苦脸 发愁 犯愁 忧愁
丑,5,3,醜/丑,6,丑 丑恶 丑陋 丑闻 出丑
臭,5,3,臭,1,臭
厨,5,,廚,2,厨房 厨师
触,5,,觸,8,接触 触动 触犯 触觉 触摸
闯,5,3,闖,1,闯
辞,5,,辭,11,辞典 辞职 不辞而别 辞 辞呈
聪,5,3,聰,1,聪明
脆,5,,脆,4,脆 干脆 脆弱 清脆
呆,5,2,呆/獃,3,呆 痴呆 目瞪口呆
贷,5,,貸,2,贷款 信贷
胆,5,3,膽,7,大胆 胆 胆小 胆怯 胆子
旦,5,2,旦,2,一旦 元旦
弹,5,,彈,7,弹 子弹 炸弹 导弹 动弹
挡,5,3,擋,3,挡 抵挡 阻挡
德,5,3,德,4,道德 德 美德 品德
丢,5,2,丟,6,丢 丢掉 丢脸 丢弃 丢人
冻,5,3,凍,3,冻 冻结 冷冻
洞,5,,洞,2,洞 漏洞
毒,5,,毒,8,病毒 毒 杀毒 消毒 有毒
堆,5,3,堆,2,堆 堆砌
吨,5,3,噸,1,吨
盾,5,,盾,3,矛盾 后盾 自相矛盾
朵,5,3,朵,2,朵 耳朵
躲,5,,躲,3,躲 躲避 躲藏
尔,5,,爾,2,偶尔 高尔夫球
乏,5,,乏,1,缺乏
罚,5,,罰,4,处罚 罚 罚款 惩罚
繁,5,,繁,7,繁荣 频繁 繁殖 繁华 繁忙
返,5,,返,4,返回 重返 返还 往返
泛,5,,泛,3,广泛 泛滥 宽泛
仿,5,,仿/彷,5,模仿 仿佛 仿 仿制 效仿
疯,5,3,瘋,3,疯 疯狂 疯子
肤,5,3,膚,2,皮肤 肌肤
扶,5,,扶,2,扶 扶持
幅,5,,幅,4,幅 幅度 大幅度 篇幅
辅,5,3,輔,3,辅助 辅导 相辅相成
傅,5,,傅,1,师傅
纲,5,3,綱,3,大纲 纲领 纲要
钢,5,3,鋼,3,钢笔 钢琴 钢
糕,5,,糕,2,蛋糕 糟糕
搞,5,2,搞,4,搞 搞好 搞鬼 搞笑
革,5,,革,5,改革 革新 变革 改革开放 革命
沟,5,,溝,2,沟 沟通
估,5,3,估,4,估计 评估 低估 估算
鼓,5,,鼓,7,鼓 鼓励 鼓掌 鼓动 鼓舞
冠,5,,冠,2,冠军 夺冠
鬼,5,3,鬼,4,鬼 酒鬼 搞鬼 魔鬼
柜,5,3,櫃,4,柜子 书柜 柜台 专柜
滚,5,3,滾,4,滚 滚动 连滚带爬 摇滚
锅,5,,鍋,4,电饭锅 锅 火锅 一锅粥
汗,5,3,汗,3,出汗 汗 汗水
豪,5,,豪,3,自豪 富豪 豪华
核,5,,核,10,考核 核心 核 核电站 核对
盒,5,3,盒,3,盒 盒饭 盒子
贺,5,3,賀,5,贺卡 祝贺 贺电 贺信 庆贺
恨,5,3,恨,5,恨 仇恨 恨不得 悔恨 怨恨
猴,5,,猴,1,猴
胡,5,3,胡/鬍,5,胡同儿 胡子 胡闹 胡说 胡思乱想
糊,5,,糊/餬,5,模糊 含糊 糊 糊涂 一塌糊涂
虎,5,2,虎,2,虎 马虎
滑,5,,滑,6,滑 光滑 滑冰 滑稽 滑梯
慌,5,,慌,8,慌 慌忙 慌乱 慌张 惊慌
灰,5,,灰,4,灰色 灰 灰尘 灰心
恢,5,,恢,1,恢复
悔,5,,悔,2,后悔 悔恨
惠,5,,惠,3,实惠 优惠 恩惠
击,5,,擊,10,打击 射击 冲击 攻击 点击率
肌,5,,肌,2,肌肉 肌肤
辑,5,,輯,3,编辑 逻辑 专辑
籍,5,,籍,4,国籍 书籍 外籍 祖籍
挤,5,3,擠,3,挤 挤压 拥挤
夹,5,3,夾,1,夹
甲,5,2,甲,2,甲 指甲
驾,5,,駕,5,驾驶 驾照 驾 驾车 驾驭
肩,5,,肩,3,肩 肩膀 肩负
艰,5,3,艱,6,艰苦 艰难 艰巨 艰苦奋斗 艰险
剪,5,,剪,3,剪 剪刀 剪子
键,5,,鍵,4,关键 键 键盘 按键
郊,5,,郊,3,郊区 郊外 郊游
胶,5,,膠,5,胶带 胶水 胶囊 胶片 橡胶
戒,5,,戒,4,戒 戒备 戒烟 戒指
届,5,,屆,3,届 届时 历届
竞,5,,競,5,竞赛 竞争 竞技 竞相 竞选
敬,5,3,敬,13,尊敬 敬 敬爱 敬而远之 敬酒
拒,5,,拒,2,拒绝 抗拒
俱,5,,俱,5,俱乐部 面面俱到 一应俱全 与日俱增 与时俱进
军,5,3,軍,14,冠军 军人 亚军 海军 将军
烤,5,,烤,4,烤肉 烤鸭 烤 烧烤
颗,5,,顆,1,颗
咳,5,,咳,3,咳 咳嗽 止咳
肯,5,,肯,3,肯定 肯 不肯
控,5,,控,7,控制 操控 监控 控告 失控
库,5,,庫,5,库 水库 仓库 宝库 数据库
款,5,3,款,16,存款 贷款 罚款 汇款 捐款
狂,5,,狂,6,疯狂 狂 猖狂 狂欢 狂欢节
亏,5,3,虧,6,亏 吃亏 多亏 亏本 亏损
览,5,,覽,7,博览会 阅览室 展览 浏览 浏览器
烂,5,,爛,3,烂 灿烂 腐烂
朗,5,,朗,6,朗读 晴朗 开朗 朗诵 明朗
劳,5,2,勞,10,劳动 操劳 多劳多得 功劳 劳动力
梨,5,,梨,1,梨
璃,5,,璃,1,玻璃
厉,5,,厲,2,厉害 严厉
励,5,,勵,4,鼓励 奖励 激励 励志
怜,5,,憐,2,可怜 怜惜
帘,5,,簾,2,窗帘 帘子
恋,5,,戀,5,恋爱 恋恋不舍 留恋 迷恋 失恋
邻,5,,鄰,2,邻居 邻国
铃,5,,鈴,5,铃 铃声 电铃 杠铃 门铃
龄,5,,齡,2,年龄 高龄
令,5,2,令,7,令 命令 口令 司令 下令
漏,5,,漏,3,漏 漏洞 泄漏
逻,5,,邏,2,逻辑 巡逻
骂,5,3,罵,1,骂
漫,5,,漫,6,浪漫 漫长 漫画 漫 漫游
矛,5,,矛,3,矛盾 矛头 自相矛盾
贸,5,3,貿,3,贸易 经贸 外贸
貌,5,,貌,4,礼貌 面貌 风貌 外貌
煤,5,,煤,4,煤 煤气 煤矿 煤炭
眠,5,,眠,5,睡眠 安眠药 催眠 失眠 休眠
秒,5,,秒,2,秒 争分夺秒
敏,5,,敏,5,过敏 敏感 灵敏 敏捷 敏锐
摩,5,,摩,5,按摩 摩擦 摩托 揣摩 观摩
漠,5,,漠,3,沙漠 冷漠 漠然
幕,5,,幕,11,闭幕 闭幕式 开幕 开幕式 屏幕
奈,5,,奈,2,无奈 无可奈何
耐,5,,耐,7,不耐烦 耐心 耐 耐人寻味 耐性
偶,5,3,偶,5,偶尔 偶然 偶像 木偶 配偶
陪,5,3,陪,4,陪 陪同 陪伴 陪葬
赔,5,,賠,4,赔 赔偿 赔钱 索赔
喷,5,,噴,2,喷 喷泉
盆,5,3,盆,2,脸盆 盆
披,5,,披,2,披 披露
脾,5,,脾,3,脾气 发脾气 脾
匹,5,3,匹,2,匹 匹配
骗,5,3,騙,6,骗 骗子 骗人 欺骗 受骗
拼,5,3,拼,3,拼 拼搏 拼命
频,5,,頻,5,频道 频繁 视频 频率 频频
凭,5,,憑,5,凭 凭借 凭着 凭证 文凭
泼,5,,潑,3,活泼 泼 泼冷水
葡,5,,葡,2,葡萄 葡萄酒
启,5,,啟,7,启动 启发 启事 开启 启迪
弃,5,3,棄,5,放弃 丢弃 抛弃 嫌弃 遗弃
签,5,,簽/籤,9,签 签订 签名 签约 签证
欠,5,2,欠,4,欠 欠缺 欠条 拖欠
枪,5,,槍,4,枪 开枪 枪毙 手枪
抢,5,,搶,5,抢 抢救 抢夺 抢劫 抢眼
悄,5,,悄,1,悄悄
敲,5,,敲,5,敲 敲门 敲边鼓 敲诈 推敲
瞧,5,3,瞧,2,瞧 瞧不起
琴,5,,琴,3,钢琴 琴 小提琴
勤,5,,勤,7,勤奋 后勤 勤工俭学 勤快 勤劳
曲,5,3,曲,10,歌曲 弯曲 戏曲 乐曲 扭曲
劝,5,3,勸,4,劝 劝告 劝说 劝阻
染,5,,染,6,染 污染 传染 传染病 感染
扰,5,3,擾,5,打扰 干扰 困扰 扰乱 骚扰
绕,5,,繞,4,绕 围绕 环绕 绕行
忍,5,3,忍,8,忍 忍不住 忍受 残忍 忍饥挨饿
扔,5,2,扔,1,扔
荣,5,,榮,6,繁荣 光荣 荣获 荣幸 荣誉
绒,5,,絨,1,羽绒服
软,5,,軟,5,软 软件 柔软 软弱 软实力
润,5,,潤,5,利润 红润 润 湿润 滋润
洒,5,,灑,2,洒 潇洒
杀,5,3,殺,7,杀 杀毒 自杀 暗杀 杀害
傻,5,3,傻,2,傻 傻瓜
扇,5,,扇,2,扇 扇子
稍,5,,稍,5,稍 稍微 稍后 稍候 稍稍
蛇,5,,蛇,2,蛇 画蛇添足
舍,5,3,捨/舍,5,舍不得 舍得 宿舍 恋恋不舍 依依不舍
射,5,,射,7,发射 射 射击 注射 辐射
摄,5,,攝,6,拍摄 摄像 摄像机 摄影 摄影师
伸,5,,伸,5,伸 延伸 伸手 伸缩 伸张
剩,5,,剩,4,剩 剩下 过剩 剩余
拾,5,,拾,2,拾 收拾
驶,5,,駛,2,驾驶 行驶
饰,5,,飾,4,装饰 服饰 首饰 掩饰
柿,5,,柿,2,西红柿 柿子
寿,5,3,壽,3,长寿 寿司 寿命
瘦,5,3,瘦,1,瘦
蔬,5,,蔬,1,蔬菜
鼠,5,,鼠,2,鼠 鼠标
摔,5,,摔,3,摔 摔倒 摔跤
硕,5,,碩,3,硕士 丰硕 硕果
私,5,3,私,15,私人 隐私 走私 大公无私 私房钱
搜,5,,搜,6,搜 搜索 搜查 搜集 搜救
肃,5,,肅,1,严肃
宿,5,3,宿,5,宿舍 风餐露宿 归宿 食宿 住宿
碎,5,,碎,3,碎 粉碎 破碎
损,5,,損,8,损害 损失 亏损 磨损 损
索,5,,索,11,搜索 线索 探索 不假思索 导火索
锁,5,,鎖,6,锁 封锁 拉锁 连锁 连锁店
抬,5,,抬,2,抬 抬头
坦,5,,坦,6,平坦 坦白 坦诚 坦克 坦然
逃,5,,逃,6,逃 逃跑 逃走 逃避 逃生
桃,5,,桃,4,桃 桃花 桃树 核桃
萄,5,,萄,2,葡萄 葡萄酒
厅,5,,廳,5,餐厅 大厅 客厅 厅 舞厅
偷,5,,偷,6,偷 偷偷 小偷儿 偷看 偷窥
吐,5,,吐,2,吐 呕吐
兔,5,,兔,2,兔 守株待兔
托,5,3,托/託,9,摩托 委托 托 拜托 衬托
违,5,,違,7,违法 违反 违规 久违 违背
唯,5,,唯,3,唯一 唯 唯独
委,5,,委,6,委托 评委 委屈 委婉 委员
胃,5,3,胃,2,胃 胃口
慰,5,,慰,4,安慰 慰问 慰劳 欣慰
卧,5,,臥,3,卧室 卧铺 卧
污,5,,污,4,污染 污水 贪污 污秽
夕,5,3,夕,3,除夕 前夕 朝夕相处
析,5,3,析,2,分析 解析
悉,5,3,悉,3,熟悉 获悉 据悉
惜,5,3,惜,6,可惜 珍惜 爱惜 不惜 怜惜
吓,5,3,嚇,4,吓 恐吓 吓唬 吓人
闲,5,3,閒,4,闲 休闲 说闲话 悠闲
献,5,,獻,6,献 奉献 贡献 捐献 文献
详,5,,詳,3,详细 耳熟能详 详尽
享,5,,享,5,分享 共享 享受 享 享有
歇,5,,歇,1,歇
协,5,,協,11,协议 协议书 协会 协商 协调
斜,5,,斜,2,斜 倾斜
辛,5,3,辛,4,辛苦 艰辛 辛勤 辛酸
欣,5,,欣,4,欣赏 欣慰 欣喜 欣欣向荣
雄,5,3,雄,3,雄伟 英雄 雄厚
熊,5,,熊,2,大熊猫 熊
虚,5,,虛,11,虚心 谦虚 空虚 弄虚作假 虚
询,5,,詢,3,查询 询问 咨询
押,5,,押,4,押金 抵押 扣押 押
鸭,5,,鴨,2,烤鸭 鸭子
厌,5,,厭,3,讨厌 厌烦 厌倦
艳,5,,艷,2,鲜艳 艳丽
央,5,3,央,1,中央
邀,5,,邀,4,邀请 特邀 邀 应邀
咬,5,3,咬,1,咬
乙,5,2,乙,1,乙
忆,5,,憶,4,回忆 记忆 回忆录 记忆犹新
谊,5,3,誼,2,友谊 情谊
饮,5,2,飲,5,餐饮 饮料 饮食 饮水 饮用水
硬,5,,硬,9,硬 硬件 过硬 坚硬 强硬
拥,5,,擁,5,拥抱 拥有 簇拥 拥护 拥挤
幽,5,,幽,1,幽默
尤,5,3,尤,2,尤其 尤为
犹,5,,猶,5,犹豫 毫不犹豫 记忆犹新 犹如 犹豫不决
羽,5,,羽,2,羽毛球 羽绒服
域,5,,域,6,区域 地域 海域 领域 流域
豫,5,,豫,3,犹豫 毫不犹豫 犹豫不决
怨,5,,怨,7,抱怨 怨 恩怨 埋怨 怨恨
灾,5,3,災,9,火灾 救灾 受灾 水灾 灾
仔,5,,仔,2,牛仔裤 仔细
暂,5,3,暫/蹔,4,暂时 暂停 短暂 暂
糟,5,,糟,3,糟 糟糕 乱七八糟
赠,5,,贈,3,赠 赠送 捐赠
摘,5,,摘,1,摘
涨,5,,漲,5,上涨 涨 涨价 高涨 水涨船高
掌,5,3,掌,5,鼓掌 掌握 掌声 手掌 掌管
珍,5,,珍,7,珍贵 珍惜 珍珠 袖珍 珍藏
诊,5,,診,7,门诊 诊断 会诊 急诊 就诊
振,5,,振,4,振动 振奋 振兴 振作
震,5,,震,5,地震 震惊 震 震动 震撼
挣,5,,掙,3,挣 挣钱 挣扎
织,5,3,織,3,组织 织 纺织
执,5,,執,7,执行 固执 争执 执法 执意
珠,5,,珠,3,珍珠 圆珠笔 珠宝
竹,5,3,竹,4,竹子 爆竹 胸有成竹 竹竿
筑,5,,築,4,建筑 建筑师 建筑物 筑
撞,5,,撞,4,撞 冲撞 碰撞 撞击
紫,5,,紫,1,紫
醉,5,3,醉,4,醉 麻醉 如醉如痴 陶醉
尊,5,,尊,6,尊敬 尊重 自尊 自尊心 尊贵
遵,5,,遵,3,遵守 遵循 遵照
挨,6,,挨,5,挨着 挨 挨打 挨家挨户 忍饥挨饿
傲,6,,傲,4,骄傲 傲 傲慢 高傲
罢,6,,罷,4,罢工 罢了 罢免 罢休
榜,6,,榜,3,排行榜 榜样 标榜
傍,6,,傍,1,傍晚
胞,6,,胞,3,同胞 细胞 双胞胎
暴,6,,暴,10,暴风雨 暴力 暴露 暴雨 风暴
爆,6,,爆,6,爆 爆发 爆炸 爆冷门 爆满
奔,6,,奔,8,奔跑 奔波 奔赴 奔 东奔西走
逼,6,,逼,4,逼 逼近 逼迫 逼真
扁,6,,扁,1,扁
拨,6,,撥,4,拨打 拨 拨款 拨通
波,6,,波,9,波动 波浪 微波炉 奔波 波及
捕,6,,捕,4,捕 被捕 捕捉 逮捕
踩,6,,踩,1,踩
残,6,,殘,9,残疾 残疾人 残酷 残 残留
惨,6,,慘,5,悲惨 惨 惨白 惨痛 惨重
仓,6,,倉,1,仓库
藏,6,,藏,14,藏 收藏 隐藏 宝藏 藏匿
厕,6,,廁,1,厕所
侧,6,,側,4,侧 两侧 侧面 侧重
策,6,,策,7,策划 策略 决策 政策 鞭策
昌,6,3,昌,1,昌盛
畅,6,,暢,8,畅通 畅谈 畅销 酣畅 流畅
炒,6,,炒,3,炒 炒股 炒作
撤,6,,撤,4,撤离 撤销 撤 撤换
撑,6,,撐,2,撑 支撑
崇,6,,崇,3,崇拜 崇高 崇尚
宠,6,,寵,3,宠物 宠 宠爱
储,6,,儲,3,储存 储备 储蓄
串,6,2,串,3,串 串门 一连串
醋,6,,醋,1,醋
搭,6,,搭,5,搭 搭档 搭配 搭乘 搭建
诞,6,,誕,4,诞生 圣诞节 诞辰 荒诞
党,6,,黨,2,党 政党
档,6,,檔,5,搭档 档 档案 高档 档次
岛,6,3,島,3,岛 半岛 岛屿
蹈,6,,蹈,1,舞蹈
盗,6,,盜,7,盗版 强盗 盗 盗窃 防盗
滴,6,,滴,1,滴
抵,6,,抵,8,抵达 抵抗 抵触 抵挡 抵消
帝,6,,帝,4,皇帝 上帝 帝国 帝国主义
吊,6,,吊,3,吊 吊销 提心吊胆
跌,6,,跌,2,跌 下跌
督,6,,督,3,基督教 监督 督促
赌,6,,賭,2,赌 赌博
渡,6,,渡,3,渡 过渡 渡过
端,6,,端,7,端 端午节 极端 弊端 端正
蹲,6,,蹲,1,蹲
夺,6,,奪,9,夺 夺取 争夺 剥夺 夺冠
额,6,,額,10,金额 名额 差额 额外 份额
恩,6,,恩,6,恩人 恩赐 恩惠 恩情 恩怨
番,6,,番,5,番 番茄 一番 翻番 三番五次
凡,6,3,凡,4,凡是 平凡 凡 非凡
犯,6,,犯,9,犯 犯规 犯罪 侵犯 触犯
肺,6,,肺,1,肺
废,6,,廢,11,作废 半途而废 报废 废 废除
氛,6,,氛,2,气氛 氛围
粉,6,,粉,7,奶粉 洗衣粉 淀粉 粉 粉丝
愤,6,,憤,3,愤怒 发愤图强 气愤
峰,6,,峰,6,峰会 高峰 山峰 巅峰 峰回路转
锋,6,,鋒,3,先锋 交锋 针锋相对
奉,6,,奉,3,奉献 供奉 无可奉告
佛,6,3,彿/佛,3,仿佛 佛 佛教
浮,6,,浮,4,浮 浮力 浮现 浮躁
副,6,,副,3,副 副作用 名副其实
肝,6,,肝,2,肝 肝脏
杆,6,,桿/杆,2,杆 栏杆
岗,6,,崗,3,岗位 上岗 下岗
港,6,,港,2,港口 港
稿,6,,稿,2,稿子 投稿
攻,6,,攻,5,攻击 进攻 攻 攻读 攻关
宫,6,,宮,4,宫 宫殿 宫廷 皇宫
巩,6,,鞏,1,巩固
贡,6,3,貢,1,贡献
孤,6,,孤,6,孤独 孤儿 孤单 孤立 孤零零
谷,6,3,谷,3,山谷 低谷 峡谷
股,6,,股,7,炒股 股 股东 股票 股份
刮,6,,刮/颳,2,刮 刮风
拐,6,,拐,3,拐 拐弯 拐杖
贯,6,,貫,4,一贯 贯彻 贯穿 贯通
轨,6,,軌,3,轨道 轨迹 接轨
跪,6,,跪,1,跪
憾,6,,憾,1,遗憾
耗,6,,耗,5,消耗 耗 耗费 耗时 能耗
狠,6,,狠,2,狠 凶狠
横,6,,橫,4,横 横七竖八 横向 纵横交错
衡,6,,衡,5,衡量 平衡 均衡 抗衡 权衡
宏,6,,宏,3,宏大 宏观 宏伟
洪,6,,洪,2,洪水 洪亮
壶,6,,壺,2,壶 水壶
幻,6,,幻,7,幻想 变幻莫测 幻觉 幻影 科幻
患,6,,患,5,患者 患 患病 患有 隐患
皇,6,3,皇,5,皇帝 皇宫 皇后 皇上 皇室
辉,6,,輝,2,光辉 辉煌
毁,6,,毀/燬,6,毁 摧毁 毁坏 毁灭 烧毁
绘,6,,繪,3,绘画 绘声绘色 描绘
慧,6,,慧,1,智慧
昏,6,,昏,3,昏 黄昏 昏迷
混,6,,混,6,混 混合 混乱 混凝土 混淆
吉,6,3,吉,5,吉利 吉祥 吉普 吉他 吉祥物
疾,6,,疾,3,残疾 残疾人 疾病
佳,6,,佳,2,最佳 佳节
嘉,6,,嘉,2,嘉宾 嘉年华
尖,6,2,尖,4,尖 顶尖 尖端 尖锐
监,6,,監,9,监测 监督 总监 监察 监管
捡,6,,撿,1,捡
剑,6,,劍,2,剑 刻舟求剑
舰,6,,艦,1,军舰
践,6,,踐,1,实践
鉴,6,,鑑/鑒,5,鉴定 借鉴 鉴别 鉴赏 鉴于
箭,6,,箭,2,火箭 箭
酱,6,,醬,3,果酱 酱 酱油
骄,6,,驕,1,骄傲
焦,6,,焦,6,焦点 焦 焦急 焦距 焦虑
揭,6,,揭,5,揭 揭发 揭露 揭示 揭晓
杰,6,,傑,1,杰出
洁,6,,潔,7,清洁 清洁工 纯洁 简洁 洁净
截,6,,截,4,截止 截至 截 截然不同
井,6,,井,1,井
径,6,,徑,4,田径 途径 口径 直径
纠,6,,糾,3,纠纷 纠正 纠缠
捐,6,,捐,6,捐 捐款 捐赠 捐助 捐献
菌,6,,菌,1,细菌
刊,6,,刊,3,报刊 刊登 刊物
抗,6,,抗,8,抵抗 对抗 反抗 抗议 抗衡
扣,6,,扣,8,扣 回扣 扣除 扣留 扣人心弦
酷,6,,酷,5,残酷 酷 酷似 冷酷 冷酷无情
跨,6,,跨,3,跨 跨国 跨越
阔,6,,闊,6,广阔 宽阔 阔 开阔 阔绰
啦,6,,啦,2,啦 啦啦队
赖,6,,賴,4,赖 依赖 耍赖 信赖
栏,6,,欄,4,栏目 栏 栏杆 专栏
懒,6,,懶,4,懒 懒得 懒惰 偷懒
牢,6,,牢,5,牢 牢固 牢记 牢牢 亡羊补牢
梁,6,,梁,3,桥梁 栋梁 脊梁
谅,6,,諒,3,原谅 谅解 体谅
裂,6,,裂,6,分裂 裂 断裂 裂缝 裂痕
灵,6,,靈,13,灵活 心灵 机灵 灵 灵感
炉,6,,爐,3,微波炉 炉灶 炉子
露,6,,露,12,暴露 露 透露 风餐露宿 揭露
略,6,,略,9,策略 忽略 战略 粗略 领略
嘛,6,,嘛,1,嘛
埋,6,,埋,5,埋 埋藏 埋伏 埋没 埋怨
麦,6,3,麥,1,小麦
馒,6,,饅,1,馒头
盲,6,,盲,3,盲人 盲目 文盲
梅,6,,梅,1,梅花
蒙,6,,蒙,2,蒙 启蒙
盟,6,,盟,4,加盟 联盟 盟友 同盟
猛,6,,猛,4,猛 猛烈 猛然 凶猛
棉,6,,棉,2,棉 棉花
妙,6,,妙,7,妙 奇妙 巧妙 精妙 美妙
灭,6,2,滅,7,灭 消灭 毁灭 歼灭 灭绝
膜,6,,膜,1,膜
磨,6,,磨,7,磨 打磨 磨合 磨难 磨损
墨,6,,墨,2,墨水 墨
谋,6,,謀,6,阴谋 参谋 谋害 谋求 谋生
墓,6,,墓,6,墓 坟墓 公墓 墓碑 墓地
纳,6,,納,11,采纳 归纳 交纳 缴纳 接纳
泥,6,,泥,4,泥 水泥 泥潭 泥土
扭,6,,扭,5,扭 别扭 扭曲 扭头 扭转
怒,6,,怒,4,发怒 愤怒 恼羞成怒 喜怒哀乐
诺,6,,諾,2,承诺 诺言
盼,6,3,盼,4,盼望 盼 期盼 左顾右盼
泡,6,,泡,5,泡 灯泡 浸泡 泡沫 气泡
炮,6,,炮/砲,3,炮 鞭炮 马后炮
偏,6,,偏,8,偏 偏差 偏方 偏见 偏僻
贫,6,,貧,3,贫困 贫富 贫穷
聘,6,,聘,6,聘请 招聘 聘 聘任 聘用
屏,6,,屏,1,屏幕
坡,6,,坡,2,坡 山坡
扑,6,,撲,4,扑 红扑扑 扑克 扑面而来
铺,6,,鋪,3,铺 卧铺 铺路
欺,6,,欺,3,欺负 欺骗 欺诈
旗,6,,旗,4,国旗 锦旗 旗袍 旗帜
恰,6,,恰,7,恰当 恰好 恰恰 恰到好处 恰恰相反
迁,6,,遷,6,拆迁 搬迁 变迁 迁 迁就
牵,6,,牽,6,牵 牵扯 牵挂 牵涉 牵头
铅,6,,鉛,2,铅笔 铅
谦,6,,謙,2,谦虚 谦逊
潜,6,,潛,6,潜力 潜能 潜水 潜艇 潜移默化
歉,6,,歉,3,抱歉 道歉 歉意
茄,6,,茄,2,番茄 茄子
侵,6,,侵,6,侵犯 侵害 侵略 侵权 侵占
倾,6,,傾,6,倾向 倾家荡产 倾诉 倾听 倾销
渠,6,,渠,1,渠道
券,6,,券,2,券 入场券
融,6,,融,6,金融 融合 融入 融 融化
乳,6,,乳,1,乳制品
若,6,,若,3,若 若干 倘若
塞,6,,塞,2,塞 堵塞
丧,6,,喪,4,丧失 垂头丧气 沮丧 丧生
勺,6,2,勺,1,勺
舌,6,2,舌,2,舌头 七嘴八舌
涉,6,,涉,5,干涉 涉及 交涉 牵涉 涉嫌
审,6,,審,9,审查 评审 审 审定 审核
牲,6,,牲,2,牺牲 牲畜
圣,6,3,聖,3,圣诞节 神圣 圣贤
盛,6,,盛,10,昌盛 盛行 盛 丰盛 茂盛
薯,6,,薯,3,薯片 薯条 红薯
爽,6,3,爽,3,爽 凉爽 爽快
税,6,,稅,6,税 关税 纳税 纳税人 税收
寺,6,3,寺,4,寺 清真寺 少林寺 寺庙
苏,6,,甦,2,复苏 苏醒
素,6,3,素,14,素质 维生素 要素 因素 元素
塔,6,,塔,2,塔 金字塔
踏,6,,踏,3,踏实 踏 踏上
叹,6,,嘆,5,叹气 感叹 惊叹 赞叹 赞叹不已
探,6,,探,10,探索 探讨 勘探 试探 探
趟,6,,趟,1,趟
掏,6,,掏,2,掏 掏钱
踢,6,,踢,1,踢
添,6,,添,4,添 画蛇添足 添加 增添
田,6,2,田,2,田 田径
铜,6,,銅,2,铜牌 铜
徒,6,,徒,3,徒弟 歹徒 徒步
吞,6,,吞,1,吞
拖,6,,拖,5,拖 拖鞋 拖累 拖欠 拖延
挖,6,,挖,3,挖 挖掘 挖苦
娃,6,,娃,1,娃娃
哇,6,,哇,1,哇
湾,6,,灣,1,海湾
顽,6,,頑,3,顽皮 顽强 顽固
亡,6,3,亡,5,伤亡 死亡 灭亡 逃亡 亡羊补牢
旺,6,,旺,4,兴旺 旺 旺季 旺盛
威,6,,威,8,威胁 权威 示威 威风 威力
乌,6,,烏,1,乌云
伍,6,,伍,1,队伍
悟,6,,悟,4,觉悟 恍然大悟 领悟 醒悟
牺,6,,犧,1,牺牲
嫌,6,,嫌,4,嫌 涉嫌 嫌弃 嫌疑
陷,6,,陷,4,缺陷 陷入 陷 陷阱
祥,6,,祥,4,吉祥 慈祥 吉祥物 祥和
晓,6,,曉,3,晓得 家喻户晓 揭晓
胁,6,,脅,1,威胁
谐,6,,諧,1,和谐
械,6,,械,2,机械 器械
薪,6,,薪,2,薪水 年薪
凶,6,3,凶/兇,6,凶 凶手 凶残 凶恶 凶狠
袖,6,,袖,3,领袖 袖珍 袖手旁观
绪,6,,緒,1,情绪
悬,6,,懸,5,悬 悬挂 悬念 悬殊 悬崖
旋,6,,旋,4,旋转 旋律 旋涡 周旋
循,6,,循,3,循环 循序渐进 遵循
讯,6,,訊,3,通讯 电讯 资讯
炎,6,3,炎,3,发炎 炎热 炎症
沿,6,,沿,7,沿 沿海 沿着 前沿 沿岸
宴,6,,宴,1,宴会
洋,6,,洋,6,海洋 洋 出洋相 汪洋 喜洋洋
仰,6,,仰,5,信仰 仰 久仰 前仰后合 瞻仰
氧,6,,氧,3,氧气 二氧化碳 氧
耀,6,,耀,4,照耀 夸耀 炫耀 耀眼
野,6,,野,10,野 野生 视野 野餐 野炊
液,6,,液,5,血液 输液 唾液 液晶 液体
仪,6,,儀,4,仪器 仪式 礼仪 仪表
异,6,,異,14,差异 异常 变异 诧异 大同小异
隐,6,,隱,10,隐藏 隐私 隐蔽 隐患 隐瞒
忧,6,,憂,6,担忧 后顾之忧 无忧无虑 忧愁 忧虑
娱,6,,娛,2,文娱 娱乐
愉,6,3,愉,1,愉快
予,6,,予,5,给予 不予 赋予 授予 予以
宇,6,,宇,2,宇航员 宇宙
欲,6,,慾/欲,4,食欲 随心所欲 摇摇欲坠 欲望
誉,6,,譽,5,名誉 沽名钓誉 荣誉 声誉 信誉
援,6,,援,4,救援 援助 支援 外援
缘,6,,緣,7,边缘 缘故 绝缘 人缘儿 无缘
跃,6,,躍,4,活跃 飞跃 跳跃 踊跃
晕,6,3,暈,4,晕 晕车 头晕 晕倒
允,6,,允,1,允许
遭,6,,遭,4,遭到 遭受 遭遇 遭殃
扎,6,,扎/紮,5,扎 扎实 包扎 扎根 挣扎
炸,6,,炸,5,爆炸 炸 炸弹 炸药 轰炸
宅,6,,宅,1,住宅
债,6,,債,2,债 债务
账,6,,賬,5,账 账户 算账 账单 账号
障,6,,障,3,故障 障碍 保障
哲,6,,哲,1,哲学
镇,6,,鎮,3,城镇 镇 镇定
症,6,,症/癥,7,症状 癌症 病症 后遗症 炎症
枝,6,,枝,2,枝 树枝
殖,6,,殖,2,繁殖 养殖
忠,6,,忠,5,忠心 忠诚 忠实 忠于 忠贞
肿,6,,腫,2,肿 肿瘤
粥,6,,粥,2,粥 一锅粥
诸,6,,諸,3,诸位 诸多 诸如此类
煮,6,,煮,1,煮
驻,6,,駐,1,驻
柱,6,,柱,2,柱子 支柱
赚,6,,賺,2,赚 赚钱
庄,6,3,莊,4,村庄 庄稼 庄严 庄园
壮,6,,壯,9,强壮 壮观 健壮 理直气壮 壮
捉,6,,捉,3,捉 捕捉 捉迷藏
咨,6,,咨,1,咨询
宗,6,,宗,6,宗教 大宗 正宗 宗 宗旨
纵,6,,縱,7,操纵 放纵 纵观 纵横交错 纵然
奏,6,,奏,5,节奏 演奏 奏 伴奏 奏效
祖,6,,祖,7,祖父 祖国 祖母 祖传 祖籍
钻,6,,鑽,4,钻 钻空子 钻研 钻石
罪,6,,罪,6,犯罪 罪 罪恶 得罪 罪犯
哎,7-9,,哎,2,哎 哎呀
哀,7-9,,哀,3,哀求 悲哀 喜怒哀乐
癌,7-9,,癌,2,癌 癌症
蔼,7-9,,藹,1,和蔼
艾,7-9,,艾,1,艾滋病
唉,7-9,,唉,1,唉
隘,7-9,,隘,1,狭隘
昂,7-9,,昂,2,昂贵 高昂
凹,7-9,,凹,1,凹
熬,7-9,,熬,2,熬 熬夜
奥,7-9,,奧,3,奥秘 奥运会 深奥
澳,7-9,,,0,
扒,7-9,,扒,1,扒
叭,7-9,,叭,1,喇叭
芭,7-9,,芭,1,芭蕾
靶,7-9,,靶,1,靶子
坝,7-9,,壩,2,坝 堤坝
霸,7-9,,霸,1,霸占
掰,7-9,,掰,1,掰
柏,7-9,,柏,1,柏树
扳,7-9,,扳,1,扳
颁,7-9,,頒,3,颁布 颁发 颁奖
斑,7-9,,斑,1,斑点
拌,7-9,,拌,2,拌 搅拌
瓣,7-9,,瓣,1,花瓣
邦,7-9,,邦,1,联邦
绑,7-9,,綁,3,绑 绑架 松绑
谤,7-9,,謗,1,诽谤
磅,7-9,,磅,1,磅
镑,7-9,,鎊,1,英镑
煲,7-9,,煲,1,煲
堡,7-9,,堡,1,堡垒
豹,7-9,,豹,1,豹
曝,7-9,,曝,1,曝光
卑,7-9,,卑,2,卑鄙 自卑
碑,7-9,,碑,5,碑 纪念碑 口碑 里程碑 墓碑
狈,7-9,,狽,1,狼狈
惫,7-9,,憊,2,疲惫 疲惫不堪
崩,7-9,,崩,1,崩溃
绷,7-9,,繃,2,绷 绷带
蹦,7-9,,蹦,1,蹦
鄙,7-9,,鄙,2,卑鄙 鄙视
毙,7-9,,斃,1,枪毙
痹,7-9,,痺,1,麻痹
碧,7-9,,碧,1,碧绿
蔽,7-9,,蔽,1,隐蔽
弊,7-9,,弊,3,弊病 弊端 作弊
臂,7-9,,臂,1,手臂
鞭,7-9,,鞭,2,鞭策 鞭炮
贬,7-9,,貶,1,贬值
辨,7-9,,辨,3,辨别 辨认 分辨
辫,7-9,,辮,1,辫子
飙,7-9,,飆,1,飙升
憋,7-9,,憋,1,憋
彬,7-9,,彬,1,彬彬有礼
滨,7-9,,濱,2,滨海 海滨
缤,7-9,,繽,1,缤纷
丙,7-9,,丙,1,丙
秉,7-9,,秉,1,秉承
柄,7-9,,柄,1,把柄
剥,7-9,,剝,3,剥 剥夺 剥削
伯,7-9,,伯,4,阿拉伯语 伯伯 伯父 伯母
驳,7-9,,駁,2,驳回 反驳
泊,7-9,,泊,2,湖泊 停泊
勃,7-9,,勃,2,蓬勃 朝气蓬勃
舶,7-9,,舶,1,船舶
脖,7-9,,脖,1,脖子
搏,7-9,,搏,3,搏斗 脉搏 拼搏
膊,7-9,,膊,1,胳膊
卜,7-9,,蔔/卜,2,萝卜 占卜
哺,7-9,,哺,1,哺育
怖,7-9,,怖,1,恐怖
睬,7-9,,睬,1,理睬
惭,7-9,,慚,1,惭愧
灿,7-9,,燦,1,灿烂
苍,7-9,,蒼,1,苍蝇
沧,7-9,,滄,1,沧桑
舱,7-9,,艙,2,舱 机舱
糙,7-9,,糙,1,粗糙
曹,7-9,,,0,
槽,7-9,,槽,3,槽 水槽 跳槽
蹭,7-9,,蹭,1,蹭
岔,7-9,,岔,1,打岔
刹,7-9,,剎,2,刹车 一刹那
诧,7-9,,詫,2,诧异 惊诧
掺,7-9,,摻,1,掺
搀,7-9,,攙,1,搀
馋,7-9,,饞,1,馋
禅,7-9,,禪,1,禅杖
缠,7-9,,纏,2,缠 纠缠
铲,7-9,,剷/鏟,2,铲 铲子
阐,7-9,,闡,1,阐述
颤,7-9,,顫,1,颤抖
猖,7-9,,猖,1,猖狂
嫦,7-9,,嫦,1,嫦娥
敞,7-9,,敞,2,敞开 宽敞
钞,7-9,,鈔,1,钞票
巢,7-9,,巢,1,鸟巢
嘲,7-9,,嘲,2,嘲弄 嘲笑
扯,7-9,,扯,2,扯 牵扯
臣,7-9,,臣,2,大臣 功臣
尘,7-9,,塵,1,灰尘
辰,7-9,,辰,1,诞辰
陈,7-9,,陳,4,陈旧 陈列 陈述 新陈代谢
趁,7-9,,趁,4,趁 趁机 趁早 趁着
呈,7-9,,呈,2,呈现 辞呈
惩,7-9,,懲,2,惩处 惩罚
澄,7-9,,澄,1,澄清
橙,7-9,,橙,1,橙汁
逞,7-9,,逞,2,逞能 逞强
秤,7-9,,秤,1,秤
痴,7-9,,痴/癡,4,痴呆 痴迷 痴心 如醉如痴
弛,7-9,,弛,1,松弛
驰,7-9,,馳,1,驰名
齿,7-9,,齒,1,牙齿
侈,7-9,,侈,1,奢侈
耻,7-9,,恥,4,不耻下问 耻辱 耻笑 可耻
斥,7-9,,斥,1,排斥
赤,7-9,,赤,2,赤字 面红耳赤
翅,7-9,,翅,1,翅膀
仇,7-9,,仇,4,报仇 仇 仇恨 仇人
绸,7-9,,綢,1,丝绸
畴,7-9,,疇,1,范畴
酬,7-9,,酬,2,报酬 应酬
稠,7-9,,稠,2,稠 稠密
筹,7-9,,籌,9,筹 筹办 筹备 筹措 筹划
瞅,7-9,,瞅,1,瞅
橱,7-9,,櫥,1,书橱
畜,7-9,,畜,1,牲畜
揣,7-9,,揣,3,揣 揣测 揣摩
踹,7-9,,踹,1,踹
川,7-9,,川,2,川流不息 山川
喘,7-9,,喘,2,喘 喘息
炊,7-9,,炊,1,野炊
垂,7-9,,垂,2,垂 垂头丧气
捶,7-9,,捶,1,捶
锤,7-9,,錘,1,锤子
唇,7-9,,唇,1,嘴唇
醇,7-9,,醇,1,醇厚
蠢,7-9,,蠢,2,蠢 愚蠢
戳,7-9,,戳,1,戳
绰,7-9,,綽,2,绰号 阔绰
瓷,7-9,,瓷,3,瓷 瓷器 陶瓷
慈,7-9,,慈,3,慈善 慈祥 仁慈
磁,7-9,,磁,3,磁带 磁卡 磁盘
赐,7-9,,賜,3,赐 赐教 恩赐
匆,7-9,,匆,2,匆匆 匆忙
囱,7-9,,囪,1,烟囱
葱,7-9,,蔥,1,葱
丛,7-9,,叢,1,丛林
凑,7-9,,湊,4,凑 凑合 凑巧 紧凑
簇,7-9,,簇,1,簇拥
窜,7-9,,竄,1,窜
催,7-9,,催,3,催 催促 催眠
摧,7-9,,摧,1,摧毁
粹,7-9,,粹,1,纯粹
翠,7-9,,翠,1,翠绿
搓,7-9,,搓,1,搓
磋,7-9,,磋,1,磋商
挫,7-9,,挫,2,挫折 抑扬顿挫
歹,7-9,,歹,2,歹徒 好歹
逮,7-9,,逮,2,逮 逮捕
怠,7-9,,怠,2,怠工 怠慢
丹,7-9,,丹,1,牡丹
耽,7-9,,耽,2,耽搁 耽误
荡,7-9,,盪/蕩,5,荡漾 动荡 晃荡 空荡荡 倾家荡产
叨,7-9,,叨,2,唠叨 絮叨
捣,7-9,,搗,1,捣乱
祷,7-9,,禱,1,祈祷
悼,7-9,,悼,2,悼念 追悼会
稻,7-9,,稻,2,稻草 水稻
蹬,7-9,,蹬,1,蹬
邓,7-9,,,0,
凳,7-9,,凳,1,凳子
瞪,7-9,,瞪,2,瞪 目瞪口呆
堤,7-9,,堤,2,堤 堤坝
迪,7-9,,迪,1,启迪
涤,7-9,,滌,1,洗涤剂
笛,7-9,,笛,1,笛子
蒂,7-9,,蒂,1,根深蒂固
缔,7-9,,締,1,取缔
颠,7-9,,顛,2,颠倒 颠覆
巅,7-9,,巔,1,巅峰
甸,7-9,,甸,1,沉甸甸
垫,7-9,,墊,3,垫 垫底 垫子
淀,7-9,,澱,3,沉淀 淀粉 积淀
惦,7-9,,惦,1,惦记
奠,7-9,,奠,2,奠定 祭奠
殿,7-9,,殿,2,殿堂 宫殿
刁,7-9,,刁,1,刁难
叼,7-9,,叼,1,叼
雕,7-9,,雕,3,雕 雕刻 雕塑
钓,7-9,,釣,2,钓鱼 沽名钓誉
爹,7-9,,爹,1,爹
迭,7-9,,迭,1,迭起
谍,7-9,,諜,1,间谍
叠,7-9,,疊,3,重叠 叠 折叠
碟,7-9,,碟,1,光碟
丁,7-9,,丁,1,丁
叮,7-9,,叮,1,叮嘱
盯,7-9,,盯,1,盯
鼎,7-9,,鼎,1,大名鼎鼎
钉,7-9,,釘,3,钉子 钉 碰钉子
董,7-9,,董,4,董事 董事会 董事长 古董
栋,7-9,,棟,2,栋 栋梁
兜,7-9,,兜,3,兜 兜儿 兜售
抖,7-9,,抖,3,颤抖 抖 发抖
陡,7-9,,陡,1,陡
逗,7-9,,逗,1,逗
睹,7-9,,睹,2,耳闻目睹 目睹
杜,7-9,,杜,1,杜绝
妒,7-9,,妒,2,妒忌 嫉妒
兑,7-9,,兌,2,兑换 兑现
敦,7-9,,敦,2,敦促 敦厚
盹,7-9,,盹,1,打盹儿
炖,7-9,,燉,1,炖
哆,7-9,,哆,1,哆嗦
舵,7-9,,舵,1,舵手
堕,7-9,,墮,1,堕落
惰,7-9,,惰,1,懒惰
讹,7-9,,訛,1,讹诈
俄,7-9,,俄,1,俄语
娥,7-9,,娥,1,嫦娥
鹅,7-9,,鵝,2,鹅 天鹅
厄,7-9,,厄,1,厄运
遏,7-9,,遏,1,遏制
鳄,7-9,,鱷,1,鳄鱼
饵,7-9,,餌,1,诱饵
伐,7-9,,伐,1,步伐
阀,7-9,,閥,1,阀门
帆,7-9,,帆/颿,3,帆 帆船 一帆风顺
贩,7-9,,販,3,贩卖 商贩 小贩
芳,7-9,,芳,1,芬芳
妨,7-9,,妨,3,不妨 妨碍 妨害
肪,7-9,,肪,1,脂肪
纺,7-9,,紡,1,纺织
绯,7-9,,緋,1,绯闻
匪,7-9,,匪,1,土匪
诽,7-9,,誹,1,诽谤
沸,7-9,,沸,2,沸沸扬扬 沸腾
芬,7-9,,芬,1,芬芳
吩,7-9,,吩,1,吩咐
坟,7-9,,墳,2,坟 坟墓
焚,7-9,,焚,2,焚烧 心急如焚
粪,7-9,,糞,2,粪 粪便
蜂,7-9,,蜂,2,蜂蜜 蜜蜂
冯,7-9,,,0,
逢,7-9,,逢,3,逢 每逢 萍水相逢
缝,7-9,,縫,3,缝 缝合 裂缝
讽,7-9,,諷,1,讽刺
凤,7-9,,鳳,1,凤凰
孵,7-9,,孵,1,孵化
敷,7-9,,敷,1,敷
伏,7-9,,伏,3,此起彼伏 埋伏 起伏
俘,7-9,,俘,2,俘获 俘虏
袱,7-9,,袱,1,包袱
辐,7-9,,輻,1,辐射
抚,7-9,,撫,5,安抚 抚摸 抚恤 抚养 抚养费
斧,7-9,,斧,1,斧子
俯,7-9,,俯,1,俯首
咐,7-9,,咐,2,吩咐 嘱咐
赴,7-9,,赴,5,奔赴 赴 赶赴 前赴后继 全力以赴
赋,7-9,,賦,2,赋予 天赋
腹,7-9,,腹,2,腹部 腹泻
缚,7-9,,縛,1,束缚
覆,7-9,,覆,4,颠覆 翻来覆去 翻天覆地 覆盖
尬,7-9,,尬,1,尴尬
丐,7-9,,丐,1,乞丐
钙,7-9,,鈣,1,钙
溉,7-9,,溉,1,灌溉
甘,7-9,,甘,1,甘心
竿,7-9,,竿,1,竹竿
尴,7-9,,尷,1,尴尬
冈,7-9,,岡,1,山冈
缸,7-9,,缸,1,缸
杠,7-9,,槓,1,杠铃
膏,7-9,,膏,1,牙膏
戈,7-9,,戈,2,干戈 戈壁
胳,7-9,,胳,1,胳膊
鸽,7-9,,鴿,1,鸽子
搁,7-9,,擱,4,耽搁 搁 搁浅 搁置
割,7-9,,割,4,分割 割 切割 任人宰割
阁,7-9,,閣,1,内阁
耕,7-9,,耕,1,耕地
耿,7-9,,耿,1,耿直
弓,7-9,,弓,1,弓
恭,7-9,,恭,2,恭维 恭喜
躬,7-9,,躬,1,鞠躬
拱,7-9,,拱,1,拱
勾,7-9,,勾,3,勾 勾画 勾结
钩,7-9,,鉤,3,钩 钩子 挂钩
沽,7-9,,沽,1,沽名钓誉
菇,7-9,,菇,1,蘑菇
辜,7-9,,辜,2,辜负 无辜
雇,7-9,,雇/僱,5,雇 雇佣 雇员 雇主 解雇
寡,7-9,,寡,2,孤陋寡闻 寡妇
卦,7-9,,卦,1,八卦
乖,7-9,,乖,2,乖 乖巧
棺,7-9,,棺,1,棺材
灌,7-9,,灌,3,灌 灌溉 灌输
罐,7-9,,罐,3,罐 罐头 易拉罐
龟,7-9,,龜,1,龟
闺,7-9,,閨,1,闺女
瑰,7-9,,瑰,2,瑰宝 玫瑰
桂,7-9,,桂,1,桂花
棍,7-9,,棍,3,冰棍儿 棍 棍子
郭,7-9,,,0,
骇,7-9,,駭,1,骇人听闻
酣,7-9,,酣,2,酣畅 酣睡
函,7-9,,函,2,公函 函授
涵,7-9,,涵,4,涵盖 涵义 内涵 蕴涵
韩,7-9,,,0,
罕,7-9,,罕,2,罕见 稀罕
旱,7-9,,旱,3,干旱 旱 旱灾
捍,7-9,,捍,1,捍卫
焊,7-9,,焊,1,焊
撼,7-9,,撼,1,震撼
杭,7-9,,,0,
浩,7-9,,浩,1,浩劫
呵,7-9,,呵,1,呵护
禾,7-9,,禾,1,禾苗
阂,7-9,,閡,1,隔阂
荷,7-9,,荷,1,荷花
赫,7-9,,赫,2,赫然 显赫
鹤,7-9,,鶴,2,鹤立鸡群 仙鹤
嘿,7-9,,嘿,1,嘿
痕,7-9,,痕,3,痕迹 裂痕 伤痕
哼,7-9,,哼,1,哼
恒,7-9,,恆,2,持之以恒 永恒
轰,7-9,,轟,3,轰 轰动 轰炸
哄,7-9,,哄/鬨,2,哄 哄堂大笑
烘,7-9,,烘,3,烘干 烘托 暖烘烘
弘,7-9,,弘,1,弘扬
虹,7-9,,虹,1,彩虹
喉,7-9,,喉,2,喉咙 咽喉
吼,7-9,,吼,1,吼
弧,7-9,,弧,1,括弧
唬,7-9,,唬,1,吓唬
沪,7-9,,,0,
哗,7-9,,嘩/譁,3,哗变 哗然 喧哗
猾,7-9,,猾,1,狡猾
徊,7-9,,徊,1,徘徊
淮,7-9,,,0,
槐,7-9,,槐,1,槐树
唤,7-9,,喚,4,呼风唤雨 呼唤 唤起 使唤
焕,7-9,,煥,2,焕发 容光焕发
痪,7-9,,瘓,1,瘫痪
荒,7-9,,荒,4,荒 荒诞 荒凉 荒谬
凰,7-9,,凰,1,凤凰
煌,7-9,,煌,1,辉煌
恍,7-9,,恍,1,恍然大悟
晃,7-9,,晃,4,晃 晃荡 摇晃 一晃
谎,7-9,,謊,4,谎话 谎言 撒谎 说谎
徽,7-9,,徽,1,国徽
卉,7-9,,卉,1,花卉
讳,7-9,,諱,1,忌讳
贿,7-9,,賄,2,贿赂 受贿
秽,7-9,,穢,1,污秽
浑,7-9,,渾,1,浑身
魂,7-9,,魂,2,魂 灵魂
豁,7-9,,豁,3,豁 豁出去 豁达
祸,7-9,,禍,3,车祸 祸害 罪魁祸首
惑,7-9,,惑,5,困惑 迷惑 迷惑不解 疑惑 诱惑
霍,7-9,,霍,1,霍乱
讥,7-9,,譏,1,讥笑
饥,7-9,,飢,2,饥饿 忍饥挨饿
缉,7-9,,緝,1,通缉
畸,7-9,,畸,1,畸形
稽,7-9,,稽,1,滑稽
棘,7-9,,棘,2,棘手 荆棘
嫉,7-9,,嫉,1,嫉妒
脊,7-9,,脊,1,脊梁
忌,7-9,,忌,5,妒忌 忌 忌讳 忌口 禁忌
剂,7-9,,劑,3,剂 洗涤剂 兴奋剂
迹,7-9,,蹟/跡,8,古迹 轨迹 痕迹 迹象 奇迹
祭,7-9,,祭,3,祭 祭奠 祭祀
寂,7-9,,寂,2,寂静 寂寞
颊,7-9,,頰,1,脸颊
贾,7-9,,賈,1,商贾
嫁,7-9,,嫁,2,嫁 嫁妆
稼,7-9,,稼,1,庄稼
奸,7-9,,奸,1,奸诈
歼,7-9,,殲,1,歼灭
兼,7-9,,兼,5,兼 兼顾 兼任 兼容 兼职
煎,7-9,,煎,1,煎
拣,7-9,,揀,1,拣
柬,7-9,,柬,1,请柬
俭,7-9,,儉,2,节俭 勤工俭学
荐,7-9,,薦,1,推荐
贱,7-9,,賤,1,贱
溅,7-9,,濺,1,溅
姜,7-9,,薑,1,姜
浆,7-9,,漿,1,豆浆
僵,7-9,,僵,3,僵 僵化 僵局
疆,7-9,,疆,1,边疆
桨,7-9,,槳,1,船桨
匠,7-9,,匠,2,别具匠心 木匠
浇,7-9,,澆,1,浇
娇,7-9,,嬌,2,娇惯 娇气
椒,7-9,,椒,1,辣椒
跤,7-9,,跤,1,摔跤
礁,7-9,,礁,1,礁石
嚼,7-9,,嚼,1,嚼
狡,7-9,,狡,1,狡猾
绞,7-9,,絞,1,绞
矫,7-9,,矯,1,矫正
搅,7-9,,攪,3,打搅 搅 搅拌
缴,7-9,,繳,3,缴 缴费 缴纳
轿,7-9,,轎,1,轿车
酵,7-9,,酵,1,发酵
皆,7-9,,皆,2,比比皆是 皆
劫,7-9,,劫,4,浩劫 劫 劫持 抢劫
捷,7-9,,捷,3,便捷 快捷 敏捷
竭,7-9,,竭,4,竭尽全力 竭力 精疲力竭 衰竭
诫,7-9,,誡,1,告诫
津,7-9,,津,2,津津有味 津贴
筋,7-9,,筋,3,筋 脑筋 伤脑筋
锦,7-9,,錦,1,锦旗
谨,7-9,,謹,2,谨慎 严谨
晋,7-9,,晉,1,晋升
浸,7-9,,浸,2,沉浸 浸泡
茎,7-9,,莖,1,茎
荆,7-9,,荊,1,荆棘
晶,7-9,,晶,4,结晶 晶莹 水晶 液晶
兢,7-9,,兢,1,兢兢业业
阱,7-9,,阱,1,陷阱
颈,7-9,,頸,2,颈部 瓶颈
窘,7-9,,窘,1,窘迫
揪,7-9,,揪,1,揪
灸,7-9,,灸,1,针灸
舅,7-9,,舅,1,舅舅
拘,7-9,,拘,2,拘留 拘束
鞠,7-9,,鞠,1,鞠躬
菊,7-9,,菊,1,菊花
橘,7-9,,橘,1,橘子
沮,7-9,,沮,1,沮丧
矩,7-9,,矩,1,规矩
炬,7-9,,炬,1,火炬
惧,7-9,,懼,2,恐惧 畏惧
锯,7-9,,鋸,1,锯
倦,7-9,,倦,2,疲倦 厌倦
诀,7-9,,訣,3,诀别 诀窍 秘诀
掘,7-9,,掘,2,发掘 挖掘
崛,7-9,,崛,1,崛起
爵,7-9,,爵,1,爵士
倔,7-9,,倔,2,倔强 倔
君,7-9,,君,1,君子
钧,7-9,,鈞,1,千钧一发
俊,7-9,,俊,3,俊 俊俏 英俊
峻,7-9,,峻,1,严峻
骏,7-9,,駿,1,骏马
竣,7-9,,竣,1,竣工
凯,7-9,,凱,1,凯歌
慨,7-9,,慨,2,感慨 慷慨
楷,7-9,,楷,1,楷模
勘,7-9,,勘,1,勘探
堪,7-9,,堪,4,不堪 堪称 难堪 疲惫不堪
侃,7-9,,侃,2,侃大山 调侃
砍,7-9,,砍,1,砍
槛,7-9,,檻,1,门槛
慷,7-9,,慷,1,慷慨
扛,7-9,,扛,1,扛
苛,7-9,,苛,1,苛刻
磕,7-9,,磕,1,磕
壳,7-9,,殼,2,贝壳 壳
垦,7-9,,墾,1,开垦
恳,7-9,,懇,2,诚恳 恳求
啃,7-9,,啃,1,啃
坑,7-9,,坑,1,坑
吭,7-9,,吭,1,一声不吭
孔,7-9,,,0,
抠,7-9,,摳,1,抠
枯,7-9,,枯,1,枯燥
窟,7-9,,窟,1,窟窿
夸,7-9,,誇,6,夸 夸大 夸奖 夸夸其谈 夸耀
垮,7-9,,垮,1,垮
挎,7-9,,挎,1,挎
筐,7-9,,筐,1,筐
旷,7-9,,曠,1,旷课
框,7-9,,框,2,框 框架
窥,7-9,,窺,1,偷窥
魁,7-9,,魁,2,夺魁 罪魁祸首
馈,7-9,,饋,2,反馈 回馈
溃,7-9,,潰,1,崩溃
愧,7-9,,愧,3,惭愧 当之无愧 羞愧
昆,7-9,,昆,1,昆虫
捆,7-9,,捆,1,捆
廓,7-9,,廓,1,轮廓
喇,7-9,,喇,1,喇叭
腊,7-9,,臘,1,腊月
蜡,7-9,,蠟,2,蜡 蜡烛
兰,7-9,,蘭,1,伊斯兰教
拦,7-9,,攔,2,拦 阻拦
婪,7-9,,婪,1,贪婪
澜,7-9,,瀾,1,波澜
揽,7-9,,攬,4,大包大揽 揽 一揽子 招揽
缆,7-9,,纜,2,光缆 缆车
滥,7-9,,濫,2,泛滥 滥用
狼,7-9,,狼,2,狼 狼狈
廊,7-9,,廊,1,走廊
捞,7-9,,撈,2,打捞 捞
姥,7-9,,姥,2,姥姥 姥爷
唠,7-9,,嘮,1,唠叨
涝,7-9,,澇,1,涝
勒,7-9,,勒,1,勒
垒,7-9,,壘,1,堡垒
磊,7-9,,磊,1,光明磊落
蕾,7-9,,蕾,1,芭蕾
棱,7-9,,稜,1,棱角
愣,7-9,,愣,2,发愣 愣
黎,7-9,,黎,1,黎明
吏,7-9,,吏,1,官吏
隶,7-9,,隸,1,奴隶
粒,7-9,,粒,1,粒
莲,7-9,,蓮,1,莲子
廉,7-9,,廉,4,廉价 廉洁 廉正 廉政
敛,7-9,,斂,1,收敛
链,7-9,,鏈,1,项链
辽,7-9,,遼,1,辽阔
僚,7-9,,僚,2,官僚 官僚主义
寥,7-9,,寥,1,寥寥无几
潦,7-9,,潦,1,潦草
咧,7-9,,咧,2,大大咧咧 咧嘴
劣,7-9,,劣,4,恶劣 劣势 劣质 拙劣
猎,7-9,,獵,3,打猎 猎犬 猎人
拎,7-9,,拎,1,拎
淋,7-9,,淋,1,淋
赁,7-9,,賃,1,租赁
凌,7-9,,凌,2,凌晨 盛气凌人
陵,7-9,,陵,1,丘陵
岭,7-9,,嶺,1,山岭
溜,7-9,,溜,3,溜 溜达 随大溜
刘,7-9,,,0,
浏,7-9,,瀏,2,浏览 浏览器
瘤,7-9,,瘤,1,肿瘤
柳,7-9,,柳,1,柳树
遛,7-9,,遛,1,遛
咙,7-9,,嚨,1,喉咙
胧,7-9,,朧,1,朦胧
聋,7-9,,聾,2,聋 聋人
笼,7-9,,籠,4,灯笼 笼子 笼统 笼罩
隆,7-9,,隆,2,克隆 隆重
窿,7-9,,窿,1,窟窿
拢,7-9,,攏,2,靠拢 拉拢
垄,7-9,,壟,1,垄断
搂,7-9,,摟,1,搂
陋,7-9,,陋,3,丑陋 孤陋寡闻 简陋
芦,7-9,,蘆,1,芦花
卤,7-9,,滷,1,卤味
虏,7-9,,虜,1,俘虏
鲁,7-9,,魯,2,粗鲁 鲁莽
赂,7-9,,賂,1,贿赂
鹿,7-9,,鹿,1,鹿
碌,7-9,,碌,1,忙碌
吕,7-9,,,0,
侣,7-9,,侶,2,伴侣 情侣
铝,7-9,,鋁,1,铝
屡,7-9,,屢,2,屡 屡次
缕,7-9,,縷,1,缕
履,7-9,,履,1,履行
滤,7-9,,濾,1,过滤
孪,7-9,,孿,1,孪生
卵,7-9,,卵,1,卵
掠,7-9,,掠,1,掠夺
抡,7-9,,掄,1,抡
伦,7-9,,倫,1,伦理
罗,7-9,,羅,1,罗
萝,7-9,,蘿,1,萝卜
螺,7-9,,螺,1,螺丝
裸,7-9,,裸,2,裸 裸露
迈,7-9,,邁,3,迈 迈进 年迈
脉,7-9,,脈,5,动脉 来龙去脉 脉搏 脉络 血脉
蛮,7-9,,蠻,2,蛮 野蛮
瞒,7-9,,瞞,2,瞒 隐瞒
蔓,7-9,,蔓,1,蔓延
芒,7-9,,芒,1,光芒
氓,7-9,,氓,1,流氓
茫,7-9,,茫,1,茫然
莽,7-9,,莽,1,鲁莽
茅,7-9,,茅,2,茅台 茅台酒
髦,7-9,,髦,1,时髦
茂,7-9,,茂,2,茂密 茂盛
玫,7-9,,玫,1,玫瑰
枚,7-9,,枚,1,枚
眉,7-9,,眉,3,愁眉苦脸 眉开眼笑 眉毛
霉,7-9,,霉,1,倒霉
昧,7-9,,昧,1,冒昧
媚,7-9,,媚,1,明媚
魅,7-9,,魅,1,魅力
闷,7-9,,悶,4,沉闷 烦闷 闷 纳闷儿
萌,7-9,,萌,2,萌发 萌芽
朦,7-9,,朦,1,朦胧
孟,7-9,,,0,
弥,7-9,,彌,2,弥补 弥漫
谜,7-9,,謎,5,猜谜 谜 谜底 谜团 谜语
觅,7-9,,覓,1,寻觅
泌,7-9,,泌,1,分泌
蜜,7-9,,蜜,5,蜂蜜 蜜 蜜蜂 蜜月 甜蜜
绵,7-9,,綿,2,海绵 连绵
勉,7-9,,勉,1,勉强
缅,7-9,,緬,1,缅怀
苗,7-9,,苗,5,禾苗 苗 苗条 苗头 疫苗
瞄,7-9,,瞄,1,瞄准
渺,7-9,,渺,1,渺小
庙,7-9,,廟,3,庙 庙会 寺庙
蔑,7-9,,蔑,1,轻蔑
鸣,7-9,,鳴,1,共鸣
铭,7-9,,銘,2,铭记 座右铭
谬,7-9,,謬,1,荒谬
蘑,7-9,,蘑,1,蘑菇
魔,7-9,,魔,2,魔鬼 魔术
抹,7-9,,抹,1,抹
沫,7-9,,沫,1,泡沫
陌,7-9,,陌,1,陌生
莫,7-9,,莫,5,变幻莫测 莫非 莫过于 莫名其妙 一筹莫展
寞,7-9,,寞,1,寂寞
牡,7-9,,牡,1,牡丹
亩,7-9,,畝,1,亩
姆,7-9,,姆,1,保姆
沐,7-9,,沐,1,沐浴露
牧,7-9,,牧,2,牧场 牧民
募,7-9,,募,2,募捐 招募
睦,7-9,,睦,1,和睦
慕,7-9,,慕,1,羡慕
暮,7-9,,暮,1,朝三暮四
穆,7-9,,穆,1,穆斯林
呐,7-9,,吶,1,呐喊
乃,7-9,,乃,2,乃 乃至
囊,7-9,,囊,1,胶囊
挠,7-9,,撓,2,挠 阻挠
恼,7-9,,惱,3,烦恼 苦恼 恼羞成怒
馁,7-9,,餒,1,气馁
嫩,7-9,,嫩,1,嫩
尼,7-9,,尼,1,尼龙
拟,7-9,,擬,4,模拟 拟 拟定 虚拟
逆,7-9,,逆,2,逆 叛逆
匿,7-9,,匿,2,藏匿 匿名
腻,7-9,,膩,1,细腻
黏,7-9,,黏,1,黏
酿,7-9,,釀,2,酿造 酝酿
尿,7-9,,尿,2,尿 糖尿病
捏,7-9,,捏,1,捏
拧,7-9,,擰,1,拧
凝,7-9,,凝,3,混凝土 凝固 凝聚
纽,7-9,,紐,3,纽带 纽扣 枢纽
奴,7-9,,奴,1,奴隶
虐,7-9,,虐,1,虐待
挪,7-9,,挪,1,挪
哦,7-9,,哦,1,哦
欧,7-9,,,0,
殴,7-9,,毆,1,殴打
呕,7-9,,嘔,1,呕吐
趴,7-9,,趴,1,趴
帕,7-9,,帕,1,手帕
徘,7-9,,徘,1,徘徊
潘,7-9,,,0,
攀,7-9,,攀,2,攀 攀升
叛,7-9,,叛,2,背叛 叛逆
畔,7-9,,畔,1,河畔
乓,7-9,,乓,1,乒乓球
庞,7-9,,龐,1,庞大
膀,7-9,,膀,2,翅膀 肩膀
抛,7-9,,拋,3,抛 抛开 抛弃
刨,7-9,,刨,1,刨
袍,7-9,,袍,1,旗袍
胚,7-9,,胚,1,胚胎
沛,7-9,,沛,1,充沛
佩,7-9,,佩,3,敬佩 佩服 钦佩
抨,7-9,,抨,1,抨击
烹,7-9,,烹,1,烹调
棚,7-9,,棚,1,大棚
蓬,7-9,,蓬,2,蓬勃 朝气蓬勃
鹏,7-9,,鵬,1,鹏程万里
篷,7-9,,篷,1,帐篷
膨,7-9,,膨,1,膨胀
捧,7-9,,捧,3,吹捧 捧 捧场
劈,7-9,,劈,1,劈
疲,7-9,,疲,5,精疲力竭 疲惫 疲惫不堪 疲倦 疲劳
辟,7-9,,闢,2,开辟 开天辟地
媲,7-9,,媲,1,媲美
僻,7-9,,僻,2,僻静 偏僻
譬,7-9,,譬,2,譬如 譬如说
飘,7-9,,飄,1,飘
撇,7-9,,撇,1,撇
乒,7-9,,乒,1,乒乓球
坪,7-9,,坪,1,草坪
萍,7-9,,萍,1,萍水相逢
颇,7-9,,頗,1,颇
魄,7-9,,魄,3,惊心动魄 魄力 气魄
剖,7-9,,剖,1,解剖
仆,7-9,,僕,1,公仆
菩,7-9,,菩,1,菩萨
朴,7-9,,樸,5,纯朴 古朴 朴实 朴素 质朴
浦,7-9,,,0,
谱,7-9,,譜,2,离谱儿 谱
瀑,7-9,,瀑,1,瀑布
沏,7-9,,沏,1,沏
栖,7-9,,棲,1,两栖
凄,7-9,,淒,1,凄凉
戚,7-9,,戚,1,亲戚
漆,7-9,,漆,1,漆
歧,7-9,,歧,2,分歧 歧视
祈,7-9,,祈,1,祈祷
棋,7-9,,棋,3,棋 棋子 下棋
乞,7-9,,乞,3,乞丐 乞求 乞讨
岂,7-9,,豈,1,岂有此理
迄,7-9,,迄,2,迄今 迄今为止
泣,7-9,,泣,2,可歌可泣 哭泣
契,7-9,,契,3,默契 契机 契约
砌,7-9,,砌,1,堆砌
掐,7-9,,掐,1,掐
洽,7-9,,洽,2,洽谈 融洽
虔,7-9,,虔,1,虔诚
钳,7-9,,鉗,1,钳子
遣,7-9,,遣,2,派遣 消遣
谴,7-9,,譴,1,谴责
嵌,7-9,,嵌,1,镶嵌
呛,7-9,,嗆,2,够呛 呛
腔,7-9,,腔,2,口腔 腔
乔,7-9,,喬,1,乔装
侨,7-9,,僑,1,华侨
俏,7-9,,俏,1,俊俏
窍,7-9,,竅,2,诀窍 窍门
翘,7-9,,翹,1,翘
撬,7-9,,撬,1,撬
怯,7-9,,怯,1,胆怯
窃,7-9,,竊,2,盗窃 窃取
钦,7-9,,欽,1,钦佩
秦,7-9,,,0,
禽,7-9,,禽,1,家禽
寝,7-9,,寢,2,废寝忘食 寝室
擎,7-9,,擎,1,引擎
顷,7-9,,頃,1,公顷
丘,7-9,,丘,1,丘陵
囚,7-9,,囚,1,囚犯
驱,7-9,,驅,2,驱动 驱逐
屈,7-9,,屈,2,屈服 委屈
躯,7-9,,軀,1,身躯
娶,7-9,,娶,1,娶
拳,7-9,,拳,3,拳 拳头 太极拳
犬,7-9,,犬,1,猎犬
雀,7-9,,雀,1,鸦雀无声
壤,7-9,,壤,1,土壤
攘,7-9,,攘,1,熙熙攘攘
嚷,7-9,,嚷,1,嚷
饶,7-9,,饒,2,饶 饶恕
惹,7-9,,惹,1,惹
仁,7-9,,仁,2,见仁见智 仁慈
韧,7-9,,韌,2,坚韧 韧性
溶,7-9,,溶,1,溶解
冗,7-9,,冗,1,冗长
柔,7-9,,柔,3,柔和 柔软 温柔
揉,7-9,,揉,1,揉
儒,7-9,,儒,2,儒家 儒学
辱,7-9,,辱,2,耻辱 侮辱
锐,7-9,,銳,2,尖锐 敏锐
瑞,7-9,,瑞,1,瑞雪
撒,7-9,,撒,2,撒 撒谎
萨,7-9,,薩,1,菩萨
桑,7-9,,桑,2,沧桑 桑拿
嗓,7-9,,嗓,1,嗓子
骚,7-9,,騷,2,骚乱 骚扰
嫂,7-9,,嫂,1,嫂子
臊,7-9,,臊,1,害臊
僧,7-9,,僧,1,僧人
纱,7-9,,紗,2,婚纱 纱
砂,7-9,,砂,1,砂糖
鲨,7-9,,鯊,1,鲨鱼
厦,7-9,,廈,1,大厦
筛,7-9,,篩,2,筛 筛选
删,7-9,,刪,2,删 删除
煽,7-9,,煽,1,煽动
擅,7-9,,擅,2,擅长 擅自
膳,7-9,,膳,1,膳食
赡,7-9,,贍,1,赡养
捎,7-9,,捎,1,捎
梢,7-9,,梢,1,树梢
哨,7-9,,哨,1,口哨
奢,7-9,,奢,2,奢侈 奢望
慑,7-9,,懾,1,威慑
绅,7-9,,紳,1,绅士
肾,7-9,,腎,1,肾
渗,7-9,,滲,2,渗 渗透
慎,7-9,,慎,3,不慎 谨慎 慎重
绳,7-9,,繩,1,绳子
尸,7-9,,屍,1,尸体
狮,7-9,,獅,1,狮子
蚀,7-9,,蝕,1,腐蚀
矢,7-9,,矢,1,有的放矢
氏,7-9,,氏,2,摄氏度 姓氏
侍,7-9,,侍,1,侍候
逝,7-9,,逝,1,逝世
嗜,7-9,,嗜,1,嗜好
誓,7-9,,誓,2,发誓 宣誓
匙,7-9,,匙,1,钥匙
兽,7-9,,獸,1,野兽
抒,7-9,,抒,1,抒情
枢,7-9,,樞,1,枢纽
梳,7-9,,梳,3,梳 梳理 梳子
疏,7-9,,疏,4,疏导 疏忽 疏散 疏通
赎,7-9,,贖,1,赎
署,7-9,,署,2,部署 签署
蜀,7-9,,,0,
曙,7-9,,曙,1,曙光
竖,7-9,,豎,2,横七竖八 竖
恕,7-9,,恕,2,宽恕 饶恕
墅,7-9,,墅,1,别墅
耍,7-9,,耍,3,耍 耍赖 玩耍
衰,7-9,,衰,5,衰减 衰竭 衰老 衰弱 衰退
甩,7-9,,甩,1,甩
拴,7-9,,拴,1,拴
栓,7-9,,栓,1,血栓
涮,7-9,,涮,1,涮
霜,7-9,,霜,2,霜 雪上加霜
瞬,7-9,,瞬,2,瞬间 一瞬间
烁,7-9,,爍,1,闪烁
丝,7-9,,絲,5,粉丝 螺丝 丝 丝绸 丝毫
斯,7-9,,斯,2,穆斯林 伊斯兰教
撕,7-9,,撕,1,撕
伺,7-9,,伺,2,伺候 伺机
祀,7-9,,祀,1,祭祀
饲,7-9,,飼,2,饲料 饲养
肆,7-9,,肆,2,大肆 放肆
耸,7-9,,聳,1,耸立
讼,7-9,,訟,1,诉讼
宋,7-9,,,0,
诵,7-9,,誦,2,背诵 朗诵
颂,7-9,,頌,1,歌颂
艘,7-9,,艘,1,艘
嗽,7-9,,嗽,1,咳嗽
酥,7-9,,酥,1,酥
溯,7-9,,溯,1,追溯
蒜,7-9,,蒜,1,蒜
髓,7-9,,髓,1,精髓
遂,7-9,,遂,1,遂心
隧,7-9,,隧,1,隧道
嗦,7-9,,嗦,1,哆嗦
塌,7-9,,塌,4,倒塌 死心塌地 塌 一塌糊涂
胎,7-9,,胎,5,轮胎 胚胎 双胞胎 胎 胎儿
汰,7-9,,汰,1,淘汰
泰,7-9,,泰,1,泰斗
贪,7-9,,貪,4,贪 贪婪 贪玩儿 贪污
摊,7-9,,攤,1,摊
滩,7-9,,灘,2,海滩 沙滩
瘫,7-9,,癱,2,瘫 瘫痪
坛,7-9,,壇,2,论坛 坛
痰,7-9,,痰,1,痰
潭,7-9,,潭,1,泥潭
毯,7-9,,毯,2,地毯 毯子
炭,7-9,,炭,2,煤炭 炭
碳,7-9,,碳,3,低碳 二氧化碳 碳
唐,7-9,,,0,
塘,7-9,,塘,1,池塘
膛,7-9,,膛,1,胸膛
倘,7-9,,倘,1,倘若
淌,7-9,,淌,2,流淌 淌
烫,7-9,,燙,1,烫
涛,7-9,,濤,1,波涛
滔,7-9,,滔,1,滔滔不绝
陶,7-9,,陶,4,陶瓷 陶冶 陶醉 熏陶
淘,7-9,,淘,3,淘 淘气 淘汰
腾,7-9,,騰,4,沸腾 热腾腾 腾 折腾
藤,7-9,,藤,1,藤椅
剔,7-9,,剔,2,剔除 挑剔
屉,7-9,,屜,1,抽屉
剃,7-9,,剃,1,剃
涕,7-9,,涕,1,鼻涕
惕,7-9,,惕,1,警惕
舔,7-9,,舔,1,舔
帖,7-9,,帖,2,请帖 帖子
廷,7-9,,廷,1,宫廷
亭,7-9,,亭,1,报亭
艇,7-9,,艇,1,潜艇
捅,7-9,,捅,1,捅
桶,7-9,,桶,2,马桶 桶
筒,7-9,,筒,2,话筒 筒
凸,7-9,,凸,2,凸 凸显
秃,7-9,,禿,1,秃
涂,7-9,,塗,3,糊涂 涂 一塌糊涂
屠,7-9,,屠,1,屠杀
颓,7-9,,頹,1,颓废
屯,7-9,,屯,1,屯
驮,7-9,,馱,1,驮
妥,7-9,,妥,5,妥 妥当 妥善 妥协 稳妥
拓,7-9,,拓,3,开拓 拓宽 拓展
唾,7-9,,唾,1,唾液
蛙,7-9,,蛙,1,青蛙
瓦,7-9,,瓦,1,瓦
歪,7-9,,歪,2,歪 歪曲
丸,7-9,,丸,2,定心丸 丸
挽,7-9,,挽,3,挽 挽回 挽救
惋,7-9,,惋,1,惋惜
婉,7-9,,婉,1,委婉
腕,7-9,,腕,2,大腕儿 手腕
汪,7-9,,汪,1,汪洋
枉,7-9,,枉,1,冤枉
妄,7-9,,妄,1,妄想
伪,7-9,,偽,3,伪造 伪装 虚伪
纬,7-9,,緯,1,纬度
萎,7-9,,萎,1,萎缩
畏,7-9,,畏,2,畏惧 畏缩
魏,7-9,,,0,
瘟,7-9,,瘟,1,瘟疫
纹,7-9,,紋,1,花纹
蚊,7-9,,蚊,2,蚊帐 蚊子
吻,7-9,,吻,2,吻 吻合
紊,7-9,,紊,1,紊乱
翁,7-9,,翁,1,富翁
涡,7-9,,渦,1,旋涡
窝,7-9,,窩,1,窝
沃,7-9,,沃,1,肥沃
巫,7-9,,巫,1,巫婆
呜,7-9,,嗚,1,呜咽
吴,7-9,,,0,
侮,7-9,,侮,1,侮辱
捂,7-9,,捂,1,捂
勿,7-9,,勿,1,勿
晤,7-9,,晤,1,会晤
雾,7-9,,霧,1,雾
昔,7-9,,昔,1,昔日
晰,7-9,,晰,1,清晰
稀,7-9,,稀,4,稀 稀罕 稀奇 稀少
锡,7-9,,錫,1,锡
溪,7-9,,溪,1,小溪
熙,7-9,,熙,1,熙熙攘攘
熄,7-9,,熄,1,熄火
膝,7-9,,膝,1,膝盖
嬉,7-9,,嬉,1,嬉笑
袭,7-9,,襲,3,抄袭 世袭 袭击
媳,7-9,,媳,1,媳妇
隙,7-9,,隙,2,间隙 空隙
虾,7-9,,蝦,1,虾
瞎,7-9,,瞎,1,瞎
侠,7-9,,俠,1,侠义
峡,7-9,,峽,2,海峡 峡谷
狭,7-9,,狹,3,狭隘 狭小 狭窄
辖,7-9,,轄,1,管辖
霞,7-9,,霞,1,彩霞
仙,7-9,,仙,3,神仙 仙鹤 仙女
纤,7-9,,纖,2,化纤 纤维
掀,7-9,,掀,2,掀 掀起
贤,7-9,,賢,1,圣贤
弦,7-9,,弦,2,扣人心弦 弦
衔,7-9,,銜,2,头衔 衔接
宪,7-9,,憲,1,宪法
馅,7-9,,餡,1,馅儿
羡,7-9,,羨,1,羡慕
腺,7-9,,腺,1,腺
厢,7-9,,廂,1,车厢
镶,7-9,,鑲,2,镶 镶嵌
翔,7-9,,翔,1,飞翔
巷,7-9,,巷,1,大街小巷
橡,7-9,,橡,2,橡胶 橡皮
肖,7-9,,肖,1,肖像
削,7-9,,削,3,剥削 削 削弱
宵,7-9,,宵,2,通宵 元宵节
萧,7-9,,蕭,1,萧条
潇,7-9,,瀟,1,潇洒
淆,7-9,,淆,1,混淆
孝,7-9,,孝,2,孝敬 孝顺
啸,7-9,,嘯,1,海啸
邪,7-9,,邪,3,改邪归正 邪 邪恶
挟,7-9,,挾,1,挟持
携,7-9,,攜,2,携带 携手
泄,7-9,,洩/泄,7,发泄 泄 泄漏 泄露 泄密
泻,7-9,,瀉,2,腹泻 泻
卸,7-9,,卸,2,推卸 卸
屑,7-9,,屑,1,不屑
懈,7-9,,懈,2,不懈 坚持不懈
芯,7-9,,芯,1,芯片
馨,7-9,,馨,1,温馨
衅,7-9,,釁,1,挑衅
猩,7-9,,猩,1,猩猩
腥,7-9,,腥,1,腥
刑,7-9,,刑,1,刑法
汹,7-9,,洶,1,汹涌
羞,7-9,,羞,3,害羞 恼羞成怒 羞愧
朽,7-9,,朽,1,腐朽
绣,7-9,,繡,2,刺绣 绣
锈,7-9,,鏽,1,锈
嗅,7-9,,嗅,1,嗅觉
墟,7-9,,墟,1,废墟
徐,7-9,,徐,1,徐徐
旭,7-9,,旭,1,旭日
叙,7-9,,敘,1,叙述
恤,7-9,,卹,1,抚恤
酗,7-9,,酗,1,酗酒
絮,7-9,,絮,1,絮叨
婿,7-9,,婿,1,女婿
蓄,7-9,,蓄,3,储蓄 含蓄 积蓄
喧,7-9,,喧,2,喧哗 喧闹
玄,7-9,,玄,2,玄 玄机
炫,7-9,,炫,1,炫耀
靴,7-9,,靴,1,靴子
穴,7-9,,穴,1,穴位
勋,7-9,,勛,1,勋章
熏,7-9,,熏/薰,2,熏 熏陶
旬,7-9,,旬,3,上旬 下旬 中旬
巡,7-9,,巡,1,巡逻
汛,7-9,,汛,1,防汛
驯,7-9,,馴,1,驯
逊,7-9,,遜,2,谦逊 逊色
丫,7-9,,丫,1,丫头
鸦,7-9,,鴉,1,鸦雀无声
芽,7-9,,芽,2,萌芽 芽
崖,7-9,,崖,1,悬崖
涯,7-9,,涯,1,生涯
哑,7-9,,啞,1,哑
雅,7-9,,雅,3,高雅 文雅 优雅
讶,7-9,,訝,1,惊讶
咽,7-9,,咽/嚥,3,呜咽 咽喉 咽
淹,7-9,,淹,1,淹
岩,7-9,,岩,1,岩石
阎,7-9,,閻,1,阎王
衍,7-9,,衍,1,衍生
掩,7-9,,掩,3,掩盖 掩护 掩饰
雁,7-9,,雁,1,大雁
焰,7-9,,焰,2,火焰 焰火
燕,7-9,,燕,1,燕子
殃,7-9,,殃,1,遭殃
秧,7-9,,秧,1,秧歌
杨,7-9,,楊,1,杨树
痒,7-9,,癢,1,痒
漾,7-9,,漾,1,荡漾
妖,7-9,,妖,1,妖怪
窑,7-9,,窯,1,窑
谣,7-9,,謠,1,谣言
遥,7-9,,遙,2,遥控 遥远
钥,7-9,,鑰,1,钥匙
椰,7-9,,椰,1,椰子
冶,7-9,,冶,1,陶冶
伊,7-9,,伊,1,伊斯兰教
夷,7-9,,夷,1,化险为夷
怡,7-9,,怡,1,怡然自得
矣,7-9,,矣,1,矣
倚,7-9,,倚,1,倚
屹,7-9,,屹,1,屹立
亦,7-9,,亦,2,不亦乐乎 亦
抑,7-9,,抑,5,压抑 抑扬顿挫 抑郁 抑郁症 抑制
役,7-9,,役,1,退役
绎,7-9,,繹,2,络绎不绝 演绎
弈,7-9,,弈,1,对弈
疫,7-9,,疫,4,防疫 免疫 瘟疫 疫苗
逸,7-9,,逸,1,安逸
裔,7-9,,裔,2,后裔 华裔
溢,7-9,,溢,2,洋溢 溢
毅,7-9,,毅,3,刚毅 毅力 毅然
翼,7-9,,翼,2,不翼而飞 小心翼翼
荫,7-9,,蔭,1,树荫
姻,7-9,,姻,1,婚姻
殷,7-9,,殷,1,殷勤
瘾,7-9,,癮,3,过瘾 上瘾 瘾
婴,7-9,,嬰,1,婴儿
鹰,7-9,,鷹,1,鹰
荧,7-9,,熒,1,荧光
盈,7-9,,盈,1,盈利
莹,7-9,,瑩,1,晶莹
蝇,7-9,,蠅,1,苍蝇
颖,7-9,,穎,2,脱颖而出 新颖
佣,7-9,,傭,1,雇佣
庸,7-9,,庸,2,庸俗 中庸
咏,7-9,,詠,1,歌咏
涌,7-9,,湧,4,汹涌 涌 涌入 涌现
踊,7-9,,踴,1,踊跃
悠,7-9,,悠,4,忽悠 悠久 悠闲 转悠
佑,7-9,,佑,1,保佑
诱,7-9,,誘,5,引诱 诱饵 诱发 诱惑 诱人
渔,7-9,,漁,2,渔船 渔民
逾,7-9,,逾,1,逾期
渝,7-9,,,0,
愚,7-9,,愚,2,愚蠢 愚公移山
舆,7-9,,輿,1,舆论
屿,7-9,,嶼,1,岛屿
驭,7-9,,馭,1,驾驭
郁,7-9,,郁/鬱,4,浓郁 抑郁 抑郁症 忧郁
吁,7-9,,籲,1,呼吁
狱,7-9,,獄,2,地狱 监狱
浴,7-9,,浴,2,沐浴露 浴室
喻,7-9,,喻,2,比喻 家喻户晓
御,7-9,,禦,2,抵御 防御
寓,7-9,,寓,3,公寓 寓言 寓意
裕,7-9,,裕,1,富裕
愈,7-9,,癒/愈,4,愈合 愈来愈 愈演愈烈 治愈
冤,7-9,,冤,2,冤 冤枉
渊,7-9,,淵,1,渊源
袁,7-9,,,0,
曰,7-9,,曰,1,曰
岳,7-9,,岳,2,岳父 岳母
悦,7-9,,悅,2,喜悦 悦耳
粤,7-9,,,0,
匀,7-9,,勻,1,均匀
陨,7-9,,隕,1,陨石
孕,7-9,,孕,3,怀孕 孕妇 孕育
酝,7-9,,醞,1,酝酿
韵,7-9,,韻,1,韵味
蕴,7-9,,蘊,3,底蕴 蕴藏 蕴涵
砸,7-9,,砸,1,砸
栽,7-9,,栽,2,栽 栽培
宰,7-9,,宰,3,任人宰割 宰 主宰
攒,7-9,,攢,1,攒
赃,7-9,,贓,1,分赃
葬,7-9,,葬,3,陪葬 葬 葬礼
凿,7-9,,鑿,2,确凿 凿
枣,7-9,,棗,1,枣
藻,7-9,,藻,1,海藻
皂,7-9,,皂,1,肥皂
灶,7-9,,灶,1,炉灶
噪,7-9,,噪,2,噪声 噪音
燥,7-9,,燥,2,干燥 枯燥
躁,7-9,,躁,4,暴躁 烦躁 浮躁 焦躁
泽,7-9,,澤,2,光泽 沼泽
贼,7-9,,賊,1,贼
渣,7-9,,渣,1,渣子
闸,7-9,,閘,1,闸
眨,7-9,,眨,1,眨眼
诈,7-9,,詐,5,讹诈 奸诈 欺诈 敲诈 诈骗
榨,7-9,,榨,1,榨
窄,7-9,,窄,2,狭窄 窄
寨,7-9,,寨,1,山寨
沾,7-9,,沾,2,沾 沾光
粘,7-9,,粘,1,粘
瞻,7-9,,瞻,1,瞻仰
斩,7-9,,斬,2,斩 斩草除根
盏,7-9,,盞,1,盏
崭,7-9,,嶄,1,崭新
绽,7-9,,綻,1,绽放
蘸,7-9,,蘸,1,蘸
彰,7-9,,彰,1,表彰
仗,7-9,,仗,1,打仗
杖,7-9,,杖,2,禅杖 拐杖
帐,7-9,,帳,3,蚊帐 帐篷 帐子
胀,7-9,,脹,2,膨胀 胀
沼,7-9,,沼,1,沼泽
兆,7-9,,兆,2,预兆 兆头
赵,7-9,,,0,
罩,7-9,,罩,3,口罩 笼罩 罩
肇,7-9,,肇,1,肇事
遮,7-9,,遮,2,遮 遮盖
辙,7-9,,轍,1,没辙
浙,7-9,,,0,
贞,7-9,,貞,1,忠贞
侦,7-9,,偵,1,侦察
枕,7-9,,枕,1,枕头
睁,7-9,,睜,1,睁
筝,7-9,,箏,1,风筝
蒸,7-9,,蒸,1,蒸
拯,7-9,,拯,1,拯救
郑,7-9,,鄭,1,郑重
芝,7-9,,芝,2,芝麻 芝士
肢,7-9,,肢,1,肢体
脂,7-9,,脂,1,脂肪
旨,7-9,,旨,2,旨在 宗旨
帜,7-9,,幟,1,旗帜
峙,7-9,,峙,1,对峙
挚,7-9,,摯,2,诚挚 真挚
秩,7-9,,秩,1,秩序
窒,7-9,,窒,1,窒息
滞,7-9,,滯,2,滞后 滞留
稚,7-9,,稚,1,幼稚
衷,7-9,,衷,4,初衷 热衷 由衷 衷心
仲,7-9,,仲,1,仲裁
舟,7-9,,舟,3,刻舟求剑 龙舟 同舟共济
州,7-9,,,0,
洲,7-9,,,0,
轴,7-9,,軸,1,车轴
宙,7-9,,宙,1,宇宙
昼,7-9,,晝,1,昼夜
皱,7-9,,皺,1,皱
骤,7-9,,驟,3,暴风骤雨 步骤 骤然
朱,7-9,,朱,1,朱红
株,7-9,,株,2,守株待兔 株
烛,7-9,,燭,1,蜡烛
拄,7-9,,拄,1,拄
嘱,7-9,,囑,3,叮嘱 遗嘱 嘱咐
瞩,7-9,,矚,2,举世瞩目 瞩目
贮,7-9,,貯,1,贮藏
铸,7-9,,鑄,1,铸造
爪,7-9,,爪,1,爪子
拽,7-9,,拽,1,拽
砖,7-9,,磚,1,砖
撰,7-9,,撰,1,撰写
妆,7-9,,妝,2,化妆 嫁妆
桩,7-9,,樁,1,桩
幢,7-9,,幢,1,幢
坠,7-9,,墜,3,下坠 摇摇欲坠 坠
缀,7-9,,綴,1,点缀
拙,7-9,,拙,1,拙劣
灼,7-9,,灼,1,灼热
卓,7-9,,卓,1,卓越
浊,7-9,,濁,1,混浊
酌,7-9,,酌,1,酌情
琢,7-9,,琢,1,琢磨
姿,7-9,,姿,2,姿势 姿态
兹,7-9,,茲,1,兹
滋,7-9,,滋,4,艾滋病 美滋滋 滋润 滋味
踪,7-9,,蹤,3,跟踪 失踪 追踪
粽,7-9,,粽,1,粽子
揍,7-9,,揍,1,揍
卒,7-9,,卒,1,小卒
佐,7-9,,佐,1,佐料
